-- phpMyAdmin SQL Dump
-- version 4.8.3
-- https://www.phpmyadmin.net/
--
-- Host: 127.0.0.1
-- Generation Time: May 10, 2019 at 12:21 PM
-- Server version: 10.1.36-MariaDB
-- PHP Version: 7.0.32

SET SQL_MODE = "NO_AUTO_VALUE_ON_ZERO";
SET AUTOCOMMIT = 0;
START TRANSACTION;
SET time_zone = "+00:00";


/*!40101 SET @OLD_CHARACTER_SET_CLIENT=@@CHARACTER_SET_CLIENT */;
/*!40101 SET @OLD_CHARACTER_SET_RESULTS=@@CHARACTER_SET_RESULTS */;
/*!40101 SET @OLD_COLLATION_CONNECTION=@@COLLATION_CONNECTION */;
/*!40101 SET NAMES utf8mb4 */;

--
-- Database: `toyota`
--

-- --------------------------------------------------------

--
-- Table structure for table `admin`
--

CREATE TABLE `admin` (
  `admin_id` int(11) NOT NULL,
  `first_name` varchar(30) NOT NULL,
  `last_name` varchar(30) NOT NULL,
  `user_name` varchar(30) NOT NULL,
  `email_id` varchar(255) NOT NULL,
  `password` varchar(255) NOT NULL,
  `status` enum('Active','Inactive','Disapproved') NOT NULL
) ENGINE=InnoDB DEFAULT CHARSET=latin1;

--
-- Dumping data for table `admin`
--

INSERT INTO `admin` (`admin_id`, `first_name`, `last_name`, `user_name`, `email_id`, `password`, `status`) VALUES
(1, 'Vinay', 'Jaiswal', 'Admin', 'admin@admin.com', 'admin@2019', 'Active');

-- --------------------------------------------------------

--
-- Table structure for table `age_m`
--

CREATE TABLE `age_m` (
  `age_id` int(11) NOT NULL,
  `age` varchar(256) NOT NULL,
  `dateTime` timestamp NOT NULL DEFAULT '0000-00-00 00:00:00' ON UPDATE CURRENT_TIMESTAMP
) ENGINE=InnoDB DEFAULT CHARSET=latin1;

--
-- Dumping data for table `age_m`
--

INSERT INTO `age_m` (`age_id`, `age`, `dateTime`) VALUES
(1, '18', '0000-00-00 00:00:00'),
(2, '19', '0000-00-00 00:00:00');

-- --------------------------------------------------------

--
-- Table structure for table `brands_m`
--

CREATE TABLE `brands_m` (
  `brand_id` int(11) NOT NULL,
  `brand_name` varchar(256) NOT NULL,
  `dateTime` timestamp NOT NULL DEFAULT CURRENT_TIMESTAMP ON UPDATE CURRENT_TIMESTAMP
) ENGINE=InnoDB DEFAULT CHARSET=latin1;

--
-- Dumping data for table `brands_m`
--

INSERT INTO `brands_m` (`brand_id`, `brand_name`, `dateTime`) VALUES
(1, 'Aston Martin', '2019-02-27 08:43:08'),
(2, 'Audi', '2019-02-27 08:43:45'),
(3, 'BMW', '2019-02-27 08:47:12'),
(4, 'Datsun', '2019-02-27 08:47:12'),
(5, 'Fiat', '2019-02-27 08:48:51'),
(6, 'Ford', '2019-02-27 08:48:51'),
(7, 'Force', '2019-02-27 08:48:51'),
(8, 'Honda', '2019-02-27 08:48:51'),
(9, 'Hyundai', '2019-02-27 08:48:51'),
(10, 'Isuzu', '2019-02-27 08:48:51'),
(11, 'Jaguar', '2019-02-27 08:48:51'),
(12, 'Jeep', '2019-02-27 08:48:51'),
(13, 'Land Rover', '2019-02-27 08:48:51'),
(14, 'Lexus', '2019-02-27 08:48:51'),
(15, 'Mahindra', '2019-02-27 08:48:51'),
(16, 'Maruti', '2019-02-27 08:48:51'),
(17, 'Mercedes-Benz', '2019-02-27 08:48:51'),
(18, 'MINI', '2019-02-27 08:48:51'),
(19, 'Mitsubishi', '2019-02-27 08:48:51'),
(20, 'Nissan', '2019-02-27 08:48:51'),
(21, 'Renault', '2019-02-27 08:48:51'),
(22, 'Skoda', '2019-02-27 08:48:51'),
(23, 'Tata', '2019-02-27 08:48:51'),
(24, 'Toyota', '2019-02-27 08:48:51'),
(25, 'Volkswagen', '2019-02-27 08:48:51'),
(27, 'Volvo', '2019-03-01 13:37:21');

-- --------------------------------------------------------

--
-- Table structure for table `brandtocar`
--

CREATE TABLE `brandtocar` (
  `car_id` int(11) NOT NULL,
  `brand_id` int(11) NOT NULL,
  `car_name` varchar(256) NOT NULL,
  `dateTime` timestamp NOT NULL DEFAULT CURRENT_TIMESTAMP ON UPDATE CURRENT_TIMESTAMP
) ENGINE=InnoDB DEFAULT CHARSET=latin1;

--
-- Dumping data for table `brandtocar`
--

INSERT INTO `brandtocar` (`car_id`, `brand_id`, `car_name`, `dateTime`) VALUES
(1, 1, 'Db11', '2019-02-27 23:53:33'),
(2, 1, 'Rapide', '2019-02-27 23:53:33'),
(3, 1, 'Vanquish', '2019-02-27 23:53:33'),
(4, 1, 'Vantage', '2019-02-27 23:53:33'),
(5, 1, 'Others', '2019-02-27 23:53:33'),
(6, 2, 'A3', '2019-03-01 11:56:26'),
(7, 2, 'A3 carbiolet', '2019-03-01 11:56:26'),
(8, 2, 'A4', '2019-03-01 11:56:26'),
(9, 2, 'A5', '2019-03-01 11:56:26'),
(10, 2, 'A6', '2019-03-01 11:56:26'),
(11, 2, 'A8', '2019-03-01 11:56:26'),
(12, 2, 'Q3', '2019-03-01 11:56:26'),
(13, 2, 'Q5', '2019-03-01 11:56:26'),
(14, 2, 'Q7', '2019-03-01 11:56:26'),
(15, 2, 'R8', '2019-03-01 11:56:26'),
(16, 2, 'RS5', '2019-03-01 11:58:23'),
(17, 2, 'RS6 Avant', '2019-03-01 11:58:23'),
(18, 2, 'RS7', '2019-03-01 11:58:23'),
(19, 2, 'S5', '2019-03-01 11:58:23'),
(20, 2, 'TT', '2019-03-01 11:58:23'),
(21, 2, 'Others', '2019-03-01 11:58:23'),
(22, 3, ' Series', '2019-03-01 12:02:17'),
(23, 3, '5 Series', '2019-03-01 12:02:17'),
(24, 3, '6 Series', '2019-03-01 12:02:17'),
(25, 3, '7 Series', '2019-03-01 12:02:17'),
(26, 3, 'M series', '2019-03-01 12:02:17'),
(27, 3, 'X1', '2019-03-01 12:02:17'),
(28, 3, 'X3', '2019-03-01 12:02:17'),
(29, 3, 'X5', '2019-03-01 12:02:17'),
(30, 3, 'X6', '2019-03-01 12:02:17'),
(31, 3, 'Z4', '2019-03-01 12:02:17'),
(32, 3, 'i8', '2019-03-01 12:02:17'),
(33, 3, 'Others', '2019-03-01 12:02:17'),
(34, 4, 'Go', '2019-03-01 12:04:08'),
(35, 4, 'Go Plus', '2019-03-01 12:04:08'),
(36, 4, 'Redi Go', '2019-03-01 12:04:08'),
(37, 4, 'Others', '2019-03-01 12:04:08'),
(38, 5, '500', '2019-03-01 12:06:40'),
(39, 5, 'Abarth Avventura', '2019-03-01 12:06:40'),
(40, 5, 'Abarth Punto', '2019-03-01 12:06:40'),
(41, 5, 'Avventura', '2019-03-01 12:06:40'),
(42, 5, 'Avventura Urban Cross', '2019-03-01 12:06:40'),
(43, 5, 'Linea', '2019-03-01 12:06:40'),
(44, 5, 'Linea Classic', '2019-03-01 12:06:40'),
(45, 5, 'Punto EVO', '2019-03-01 12:06:40'),
(46, 5, 'Others', '2019-03-01 12:06:40'),
(47, 6, 'Aspire', '2019-03-01 12:10:29'),
(48, 6, 'EcoSport', '2019-03-01 12:10:29'),
(49, 6, 'Endeavour', '2019-03-01 12:10:29'),
(50, 6, 'Figo', '2019-03-01 12:10:29'),
(51, 6, 'Freestyle', '2019-03-01 12:10:29'),
(52, 6, 'Mustang', '2019-03-01 12:10:29'),
(53, 6, 'Others', '2019-03-01 12:10:29'),
(54, 7, 'Gurkha', '2019-03-01 12:11:24'),
(55, 7, 'Other', '2019-03-01 12:11:24'),
(56, 8, 'Accord', '2019-03-01 12:14:14'),
(57, 8, 'Amaze', '2019-03-01 12:14:14'),
(58, 8, 'BRV', '2019-03-01 12:14:14'),
(59, 8, 'Brio', '2019-03-01 12:14:14'),
(60, 8, 'CR-V', '2019-03-01 12:14:14'),
(61, 8, 'City', '2019-03-01 12:14:14'),
(62, 8, 'Civic', '2019-03-01 12:14:14'),
(63, 8, 'Jazz', '2019-03-01 12:14:14'),
(64, 8, 'WRV', '2019-03-01 12:14:14'),
(65, 8, 'Others', '2019-03-01 12:14:14'),
(66, 9, 'Creta', '2019-03-01 12:18:52'),
(67, 9, 'EON', '2019-03-01 12:18:52'),
(68, 9, 'Elantra', '2019-03-01 12:18:52'),
(69, 9, 'Elite i20', '2019-03-01 12:18:52'),
(70, 9, 'Grand i10', '2019-03-01 12:18:52'),
(71, 9, 'i20 Active', '2019-03-01 12:18:52'),
(72, 9, 'Santro', '2019-03-01 12:18:52'),
(73, 9, 'Sonata', '2019-03-01 12:18:52'),
(74, 9, 'Tucson', '2019-03-01 12:18:52'),
(75, 9, 'Verna', '2019-03-01 12:18:52'),
(76, 9, 'Xcent', '2019-03-01 12:18:52'),
(77, 9, 'Others', '2019-03-01 12:18:52'),
(78, 10, 'Isuzu D-Max V- Cross', '2019-03-01 12:20:36'),
(79, 10, 'Isuzu Mux', '2019-03-01 12:20:36'),
(80, 10, 'Others', '2019-03-01 12:20:50'),
(81, 11, 'F Type', '2019-03-01 12:24:56'),
(82, 11, 'F-Pace', '2019-03-01 12:24:56'),
(83, 11, 'XE', '2019-03-01 12:24:56'),
(84, 11, 'XF', '2019-03-01 12:24:56'),
(85, 11, 'XJ', '2019-03-01 12:24:56'),
(86, 11, 'Others', '2019-03-01 12:24:56'),
(87, 12, 'Compass', '2019-03-01 12:27:17'),
(88, 12, 'Grand Cherokee', '2019-03-01 12:27:17'),
(89, 12, 'Wrangler Unlimited', '2019-03-01 12:28:10'),
(90, 12, 'Others', '2019-03-01 12:28:20'),
(91, 13, 'Discovery', '2019-03-01 12:30:57'),
(92, 13, 'Discovery Sport', '2019-03-01 12:30:57'),
(93, 13, 'Range Rover', '2019-03-01 12:30:57'),
(94, 13, 'Range Rover Evoque', '2019-03-01 12:30:57'),
(95, 13, 'Range Rover Sport', '2019-03-01 12:30:57'),
(96, 13, 'Range Rover Velar', '2019-03-01 12:30:57'),
(97, 13, 'Others', '2019-03-01 12:30:57'),
(98, 14, 'ES', '2019-03-01 12:33:46'),
(99, 14, 'LS', '2019-03-01 12:33:46'),
(100, 14, 'LX', '2019-03-01 12:33:46'),
(101, 14, 'NX', '2019-03-01 12:33:46'),
(102, 14, 'RX', '2019-03-01 12:33:46'),
(103, 14, 'Others', '2019-03-01 12:33:46'),
(104, 15, 'Bolero', '2019-03-01 12:36:30'),
(105, 15, 'E - Verito', '2019-03-01 12:36:30'),
(106, 15, 'KUV100 NXT', '2019-03-01 12:36:30'),
(107, 15, 'Nuvo Sport', '2019-03-01 12:36:30'),
(108, 15, 'Scorpio', '2019-03-01 12:36:30'),
(109, 15, 'Supro', '2019-03-01 12:36:30'),
(110, 15, 'TUV 300', '2019-03-01 12:36:30'),
(111, 15, 'Thar', '2019-03-01 12:36:30'),
(112, 15, 'Verito', '2019-03-01 12:36:30'),
(113, 15, 'Verito Vibe', '2019-03-01 12:36:30'),
(114, 15, 'XUV500', '2019-03-01 12:36:30'),
(115, 15, 'XUV700', '2019-03-01 12:36:30'),
(116, 15, 'Xylo', '2019-03-01 12:36:30'),
(117, 15, 'e20 Plus', '2019-03-01 12:36:30'),
(118, 15, 'Others', '2019-03-01 12:36:30'),
(119, 16, 'Alto 800', '2019-03-01 12:43:44'),
(120, 16, 'Baleno', '2019-03-01 12:43:44'),
(121, 16, 'Alto K10', '2019-03-01 12:43:44'),
(122, 16, 'Baleno RS', '2019-03-01 12:43:44'),
(123, 16, 'Celerio', '2019-03-01 12:43:44'),
(124, 16, 'Celerio X', '2019-03-01 12:43:44'),
(125, 16, 'Ciaz', '2019-03-01 12:43:44'),
(126, 16, 'Ciaz S', '2019-03-01 12:43:44'),
(127, 16, 'Dzire', '2019-03-01 12:43:44'),
(128, 16, 'Eeco', '2019-03-01 12:43:44'),
(129, 16, 'Ertiga', '2019-03-01 12:43:45'),
(130, 16, 'Gypsy', '2019-03-01 12:43:45'),
(131, 16, 'Ignis', '2019-03-01 12:43:45'),
(132, 16, 'Omni', '2019-03-01 12:43:45'),
(133, 16, 'S-Cross', '2019-03-01 12:43:45'),
(134, 16, 'Swift', '2019-03-01 12:43:45'),
(135, 16, 'Vitara Brezza', '2019-03-01 12:43:45'),
(136, 16, 'Wagon R', '2019-03-01 12:43:45'),
(137, 16, 'Others', '2019-03-01 12:43:45'),
(138, 17, 'A- Class', '2019-03-01 13:15:13'),
(139, 17, 'AMG GT', '2019-03-01 13:15:13'),
(140, 17, 'B- Class', '2019-03-01 13:15:13'),
(141, 17, 'C- Class', '2019-03-01 13:15:13'),
(142, 17, 'CLA', '2019-03-01 13:15:13'),
(143, 17, 'E- Class', '2019-03-01 13:15:13'),
(144, 17, 'G- Class', '2019-03-01 13:15:13'),
(145, 17, 'GLA 45 AMG', '2019-03-01 13:15:13'),
(146, 17, 'GLA Class', '2019-03-01 13:15:13'),
(147, 17, 'GLC', '2019-03-01 13:15:13'),
(148, 17, 'GLE', '2019-03-01 13:15:13'),
(149, 17, 'GLS', '2019-03-01 13:15:13'),
(150, 17, 'S-Class', '2019-03-01 13:15:13'),
(151, 17, 'S-Class Cabriolet', '2019-03-01 13:15:13'),
(152, 17, 'SLC', '2019-03-01 13:15:13'),
(153, 17, 'Others', '2019-03-01 13:15:13'),
(154, 18, 'Clubman', '2019-03-01 13:17:29'),
(155, 18, 'Cooper 3 DOOR', '2019-03-01 13:17:29'),
(156, 18, 'Cooper 5 DOOR', '2019-03-01 13:17:29'),
(157, 18, 'Cooper Convertible', '2019-03-01 13:17:29'),
(158, 18, 'Countryman', '2019-03-01 13:17:29'),
(159, 18, 'Others', '2019-03-01 13:17:29'),
(160, 19, 'Outlander', '2019-03-01 13:18:16'),
(161, 19, 'Pajero Sport', '2019-03-01 13:18:16'),
(162, 19, 'Others', '2019-03-01 13:18:26'),
(163, 20, 'GT-R', '2019-03-01 13:20:11'),
(164, 20, 'Micra', '2019-03-01 13:20:11'),
(165, 20, 'Micra Active', '2019-03-01 13:20:11'),
(166, 20, 'Sunny', '2019-03-01 13:20:11'),
(167, 20, 'Terrano', '2019-03-01 13:20:11'),
(168, 20, 'Others', '2019-03-01 13:20:11'),
(169, 21, 'Captur', '2019-03-01 13:21:55'),
(170, 21, 'Duster', '2019-03-01 13:21:55'),
(171, 21, 'KWID', '2019-03-01 13:21:55'),
(172, 21, 'Lodgy', '2019-03-01 13:21:55'),
(173, 21, 'Others', '2019-03-01 13:21:55'),
(174, 22, 'Kodiaq', '2019-03-01 13:24:09'),
(175, 22, 'Octavia', '2019-03-01 13:24:09'),
(176, 22, 'Rapid', '2019-03-01 13:24:09'),
(177, 22, 'Superb', '2019-03-01 13:24:09'),
(178, 23, 'Bolt', '2019-03-01 13:26:47'),
(179, 23, 'Hexa', '2019-03-01 13:26:47'),
(180, 23, 'Nano', '2019-03-01 13:26:47'),
(181, 23, 'Nexon', '2019-03-01 13:26:47'),
(182, 23, 'Safari Storme', '2019-03-01 13:26:47'),
(183, 23, 'Sumo', '2019-03-01 13:26:47'),
(184, 23, 'Tiago', '2019-03-01 13:26:47'),
(185, 23, 'Tigor', '2019-03-01 13:26:47'),
(186, 23, 'Zest', '2019-03-01 13:26:47'),
(187, 23, 'Others', '2019-03-01 13:26:47'),
(188, 24, 'Camry', '2019-03-01 13:31:59'),
(189, 24, 'Corolla Altis', '2019-03-01 13:31:59'),
(190, 24, 'Etios Cross', '2019-03-01 13:31:59'),
(191, 24, 'Etios Liva', '2019-03-01 13:31:59'),
(192, 24, 'Fortuner', '2019-03-01 13:31:59'),
(193, 24, 'Innova Crysta', '2019-03-01 13:31:59'),
(194, 24, 'Land Cruiser', '2019-03-01 13:31:59'),
(195, 24, 'Land Cruiser Prado', '2019-03-01 13:31:59'),
(196, 24, 'Platinum Etios', '2019-03-01 13:31:59'),
(197, 24, 'Prius', '2019-03-01 13:31:59'),
(198, 24, 'Yaris', '2019-03-01 13:32:24'),
(199, 24, 'Other', '2019-03-01 13:32:24'),
(200, 25, 'Ameo', '2019-03-01 13:35:39'),
(201, 25, 'GTI', '2019-03-01 13:35:39'),
(202, 25, 'Passat', '2019-03-01 13:35:39'),
(203, 25, 'Polo', '2019-03-01 13:35:39'),
(204, 25, 'Tiguan', '2019-03-01 13:35:39'),
(205, 25, 'Vento', '2019-03-01 13:35:39'),
(206, 25, 'Others', '2019-03-01 13:35:39'),
(207, 27, 'S60', '2019-03-01 13:38:02'),
(208, 27, 'S60 Cross Country', '2019-03-01 13:38:02'),
(209, 27, 'S90', '2019-03-01 13:38:02'),
(210, 27, 'V40', '2019-03-01 13:38:02'),
(211, 27, 'V40 Cross Country', '2019-03-01 13:38:02'),
(212, 27, 'V90 Cross Country', '2019-03-01 13:38:02'),
(213, 27, 'XC40', '2019-03-01 13:38:02'),
(214, 27, 'XC60', '2019-03-01 13:38:02'),
(215, 27, 'XC90', '2019-03-01 13:38:02'),
(216, 27, 'Others', '2019-03-01 13:38:02');

-- --------------------------------------------------------

--
-- Table structure for table `city_m`
--

CREATE TABLE `city_m` (
  `city_id` int(11) NOT NULL,
  `city_name` varchar(256) NOT NULL,
  `status` enum('Approved','Block') NOT NULL,
  `dateTime` timestamp NOT NULL DEFAULT CURRENT_TIMESTAMP
) ENGINE=InnoDB DEFAULT CHARSET=latin1;

--
-- Dumping data for table `city_m`
--

INSERT INTO `city_m` (`city_id`, `city_name`, `status`, `dateTime`) VALUES
(2, 'Kolkata', 'Approved', '2019-03-01 12:48:49'),
(3, 'Pune', 'Approved', '2019-03-01 12:48:49'),
(4, 'Jaipur', 'Approved', '2019-03-03 16:31:26');

-- --------------------------------------------------------

--
-- Table structure for table `crew_users`
--

CREATE TABLE `crew_users` (
  `crew_users_id` int(11) NOT NULL,
  `full_name` varchar(255) NOT NULL,
  `email_id` varchar(255) NOT NULL,
  `mobile` varchar(255) NOT NULL,
  `password` varchar(255) NOT NULL,
  `confirm_password` varchar(255) NOT NULL,
  `location_id` int(11) NOT NULL,
  `status` enum('Approved','Block') NOT NULL,
  `dateTime` timestamp NOT NULL DEFAULT CURRENT_TIMESTAMP
) ENGINE=InnoDB DEFAULT CHARSET=latin1;

--
-- Dumping data for table `crew_users`
--

INSERT INTO `crew_users` (`crew_users_id`, `full_name`, `email_id`, `mobile`, `password`, `confirm_password`, `location_id`, `status`, `dateTime`) VALUES
(9, 'Krunal', 'westend@gmail.com', '9876543210', '123456', '123456', 5, 'Approved', '2019-03-01 14:21:15'),
(10, 'Biswa', 'rosedale@gmail.com', '9930665378', '123456', '123456', 3, 'Approved', '2019-03-02 07:02:32'),
(11, 'Kashyap', 'mangalam@gmail.com', '9930639662', '123456', '123456', 2, 'Approved', '2019-03-02 07:07:09'),
(12, 'Biswa', 'naturalview@gmail.com', '9930639662', '123456', '123456', 4, 'Approved', '2019-03-03 06:16:22'),
(13, 'Kashyap', 'rangoli@gmail.com', '9930639662', '123456', '123456', 1, 'Approved', '2019-03-03 06:18:31'),
(14, 'Test', 'test@gmail.com', '9876543210', 'abcd@1234', 'abcd@1234', 2, 'Approved', '2019-03-04 07:59:52');

-- --------------------------------------------------------

--
-- Table structure for table `crew_users_old`
--

CREATE TABLE `crew_users_old` (
  `crew_users_id` int(11) NOT NULL,
  `full_name` varchar(256) NOT NULL,
  `mobile` varchar(256) NOT NULL,
  `email_id` varchar(256) NOT NULL,
  `password` varchar(256) NOT NULL,
  `location_id` int(11) NOT NULL,
  `status` enum('Approved','Blocked') NOT NULL
) ENGINE=InnoDB DEFAULT CHARSET=latin1;

-- --------------------------------------------------------

--
-- Table structure for table `dealer_m`
--

CREATE TABLE `dealer_m` (
  `dealer_id` int(11) NOT NULL,
  `city_id` int(11) NOT NULL,
  `dealer_name` varchar(256) NOT NULL,
  `dealer_location` varchar(256) NOT NULL,
  `status` enum('Approved','Block') NOT NULL,
  `dateTime` timestamp NOT NULL DEFAULT CURRENT_TIMESTAMP ON UPDATE CURRENT_TIMESTAMP
) ENGINE=InnoDB DEFAULT CHARSET=latin1;

--
-- Dumping data for table `dealer_m`
--

INSERT INTO `dealer_m` (`dealer_id`, `city_id`, `dealer_name`, `dealer_location`, `status`, `dateTime`) VALUES
(1, 1, 'Rajesh Toyota', 'RWA-Mangalam Ananda', 'Approved', '2019-03-01 12:57:05'),
(2, 1, 'Om Toyota', 'RWA-Mangalam Ananda', 'Approved', '2019-03-01 12:57:34'),
(3, 2, 'Saina Toyota', 'RWA - Natural View', 'Approved', '2019-03-03 07:20:56'),
(4, 3, 'Kothari', 'Mall-Westend Mall', 'Approved', '2019-03-01 13:09:46'),
(5, 3, 'Sharayu', 'Mall-Westend Mall', 'Approved', '2019-03-01 13:09:46'),
(6, 3, 'Shaw', 'Mall-Westend Mall', 'Approved', '2019-03-01 13:10:10'),
(7, 2, 'Topsel Toyota', 'RWA - Rosedale', 'Approved', '2019-03-03 07:20:42'),
(8, 4, 'Rajesh Toyota', 'Jaipur', 'Approved', '2019-03-03 16:32:05'),
(9, 4, 'Om Toyota', 'Jaipur', 'Approved', '2019-03-03 16:32:22');

-- --------------------------------------------------------

--
-- Table structure for table `feedback`
--

CREATE TABLE `feedback` (
  `feedback_id` int(11) NOT NULL,
  `crew_user_id` int(11) NOT NULL,
  `name` varchar(256) NOT NULL,
  `mobile` varchar(256) NOT NULL,
  `email_id` varchar(256) NOT NULL,
  `age` varchar(256) NOT NULL,
  `gender` varchar(256) NOT NULL,
  `city_id` varchar(256) NOT NULL,
  `pincode` varchar(256) NOT NULL,
  `occupation` varchar(256) NOT NULL,
  `own_car` varchar(256) NOT NULL,
  `car_brand` varchar(256) NOT NULL,
  `car_model` varchar(256) NOT NULL,
  `car_age` varchar(256) NOT NULL,
  `car_purchase_plan` varchar(256) NOT NULL,
  `nearest_dealership` varchar(256) NOT NULL,
  `drive_image` text NOT NULL,
  `agree` char(1) NOT NULL,
  `dateTime` timestamp NOT NULL DEFAULT CURRENT_TIMESTAMP
) ENGINE=InnoDB DEFAULT CHARSET=latin1;

--
-- Dumping data for table `feedback`
--

INSERT INTO `feedback` (`feedback_id`, `crew_user_id`, `name`, `mobile`, `email_id`, `age`, `gender`, `city_id`, `pincode`, `occupation`, `own_car`, `car_brand`, `car_model`, `car_age`, `car_purchase_plan`, `nearest_dealership`, `drive_image`, `agree`, `dateTime`) VALUES
(1, 9, 'Vinay', '9876543210', 'demo@gmail.com', '34', 'Male', 'Pune', '123456', 'Business', '', 'Mercedes-Benz', 'S-Class', '0 - 1 year old', 'Within 3 months', 'Mall-Westend Mall----Sharayu', '', '', '2019-03-02 06:15:39'),
(2, 9, 'Vinay', '9970677601', 'demo@gmail.com', '21', 'Male', 'Kolkata', '123456', 'Business', '', '', '', '', '6 months to 1 year', 'RWA - Natural View----Saina Toyota', '', '', '2019-03-02 07:50:08'),
(3, 9, 'AmardeepNagarkar', '9168104455', 'amardeepn@gmail.com', '38', 'Male', 'Pune', '411067', 'Business', '', 'Honda', 'Others', '3 - 5 years old', 'No current plan', 'Mall-Westend Mall----Shaw', '', '', '2019-03-02 07:55:40'),
(4, 9, 'Dines Abhyankar', '9850892910', 'dineshaabhyankar@gmail.com', '47', 'Male', 'Pune', '411067', 'Service', '', 'Maruti', 'Others', '0 - 1 year old', '6 months to 1 year', 'Mall-Westend Mall----Shaw', '', '', '2019-03-02 07:59:53'),
(5, 9, 'Subham Shah', '9594847737', 'shubhamshah18@gmail.com', '23', 'Male', 'Pune', '411027', 'Business', '', '', '', '', 'No current plan', 'Mall-Westend Mall----Sharayu', '', '', '2019-03-02 08:09:34'),
(6, 9, 'Assam Shaik', '9158809786', 'Assam.shaik89@gmail.com', '30', 'Male', 'Pune', '411044', 'Service', '', 'Honda', 'Others', '1 - 3 years old', 'No current plan', 'Mall-Westend Mall----Sharayu', '', '', '2019-03-02 08:14:14'),
(7, 9, 'Amol pate', '8308801187', 'arpatil44@gamil.com', '36', 'Male', 'Pune', '411061', 'Service', '', 'Honda', 'Others', '0 - 1 year old', '6 months to 1 year', 'Mall-Westend Mall----Shaw', '', '', '2019-03-02 08:16:44'),
(8, 9, 'Vijay Patil', '9960235534', 'Vijay.verisoft@gmail.com', '40', 'Male', 'Pune', '411027', 'Service', '', 'Honda', 'Others', '1 - 3 years old', 'No current plan', 'Mall-Westend Mall----Shaw', '', '', '2019-03-02 08:18:41'),
(9, 9, 'Nitin gaware', '9970015197', 'nitingaware@redifmail.com', '40', 'Male', 'Pune', '411061', 'Service', '', 'Maruti', 'Others', '0 - 1 year old', 'No current plan', 'Mall-Westend Mall----Shaw', '', '', '2019-03-02 08:22:18'),
(10, 9, 'Prasad Dalave', '9860479130', 'Atdalave@gmail.com', '37', 'Male', 'Pune', '411027', 'Service', '', 'Honda', 'Others', '1 - 3 years old', 'No current plan', 'Mall-Westend Mall----Shaw', '', '', '2019-03-02 08:38:37'),
(11, 9, 'AbhijeetKuldate', '8983450000', 'abhijeetkuldate@gmail.com', '44', 'Male', 'Pune', '411027', 'Business', '', 'Jaguar', 'Others', '3 - 5 years old', '3 - 6 months', 'Mall-Westend Mall----Kothari', '', '', '2019-03-02 08:41:49'),
(12, 10, 'sangeeta chatterjee', '9810268505', 'sangeetach4@gmail.com', '43', 'Female', 'Kolkata', '700160', 'Others', '', '', '', '', 'Within 3 months', 'RWA-Rosedale----Topsel Toyota', '', '', '2019-03-02 08:42:15'),
(13, 9, 'Bhimrao Gaikwad', '9921679616', 'Abc@gmail.com', '37', 'Male', 'Pune', '411027', 'Business', '', '', '', '', 'No current plan', 'Mall-Westend Mall----Shaw', '', '', '2019-03-02 08:44:00'),
(14, 10, 'Amit gupta', '8800500911', 'guptaamit_drm@gmail.com', '36', 'Male', 'Kolkata', '700160', 'Service', '', 'Honda', 'Jazz', '5 + years old', 'No current plan', 'RWA-Rosedale----Topsel Toyota', '', '', '2019-03-02 09:09:37'),
(15, 10, 'amit gupta', '8800500919', 'guptaamit_drn@rediff.com', '36', 'Male', 'Kolkata', '700160', 'Service', '', 'Honda', 'Others', '1 - 3 years old', '6 months to 1 year', 'RWA-Rosedale----Topsel Toyota', '', '', '2019-03-02 09:10:54'),
(16, 10, 'Sushanta Kumar', '9679924956', 'duniyafresh@gmail.com', '35', 'Male', 'Kolkata', '700160', 'Business', '', 'Toyota', 'Other', '3 - 5 years old', 'No current plan', 'RWA-Rosedale----Topsel Toyota', '', '', '2019-03-02 09:16:35'),
(17, 9, 'Raman tyagi', '7767002105', 'Tyagirajan@yahoo.com', '37', 'Male', 'Pune', '411027', 'Service', '', 'Hyundai', 'Verna', '1 - 3 years old', 'No current plan', 'Mall-Westend Mall----Kothari', '', '', '2019-03-02 09:16:54'),
(18, 10, 'dr. tapon karmakar', '8527399473', 'dr.tapankarmakar435@gmail.com', '60', 'Male', 'Kolkata', '700160', 'Others', '', 'Honda', 'City', '3 - 5 years old', '3 - 6 months', 'RWA-Rosedale----Topsel Toyota', '', '', '2019-03-02 09:17:09'),
(19, 10, 'Tarun Batavyl', '9831955277', 'tarunbatavyl99@gmail.com', '68', 'Male', 'Kolkata', '700160', 'Others', '', 'Maruti', 'Dzire', '5 + years old', 'No current plan', 'RWA-Rosedale----Topsel Toyota', '', '', '2019-03-02 09:18:08'),
(20, 9, 'nikhil', '9820060136', 'abc@gmail.com', '42', 'Male', 'Pune', '411027', 'Others', '', '', '', '', '6 months to 1 year', 'Mall-Westend Mall----Kothari', '', '', '2019-03-02 09:21:16'),
(21, 10, 'rajib singh', '9831103365', 'rajibsingh28@gmail.com', '48', 'Male', 'Kolkata', '700160', 'Business', '', 'Toyota', 'Fortuner', '0 - 1 year old', 'No current plan', 'RWA-Rosedale----Topsel Toyota', '', '', '2019-03-02 09:24:12'),
(22, 9, 'bharat galkar', '8605047287', 'galkarbharat@gmail.com', '29', 'Male', 'Pune', '411052', 'Service', '', 'Maruti', 'Swift', '0 - 1 year old', '6 months to 1 year', 'Mall-Westend Mall----Kothari', '', '', '2019-03-02 09:36:23'),
(23, 9, 'satyendra shah', '7770953531', 'abc@gmail.com', '29', 'Male', 'Pune', '411047', 'Business', '', 'Hyundai', 'Verna', '0 - 1 year old', '3 - 6 months', 'Mall-Westend Mall----Kothari', '', '', '2019-03-02 09:37:56'),
(24, 9, 'shubham gaikwad', '7775902666', 'shubhsjerry@gmail.com', '26', 'Male', 'Pune', '411067', 'Service', '', 'Hyundai', 'i20 Active', '1 - 3 years old', '6 months to 1 year', 'Mall-Westend Mall----Kothari', '', '', '2019-03-02 09:40:29'),
(25, 9, 'Rajendra', '7587508399', 'Tyagirajan@yahoo.com', '32', 'Male', 'Pune', '411027', 'Business', '', '', '', '', '3 - 6 months', 'Mall-Westend Mall----Kothari', '', '', '2019-03-02 09:40:58'),
(26, 9, 'chetan', '7770953532', 'xyz@gmsil.com', '30', 'Male', 'Pune', '411047', 'Others', '', 'Audi', 'A8', '1 - 3 years old', '3 - 6 months', 'Mall-Westend Mall----Kothari', '', '', '2019-03-02 09:45:29'),
(27, 9, 'V K thakur', '7875260914', 'Vkthaakur@gmail.com', '47', 'Male', 'Pune', '411067', 'Service', '', 'Mahindra', 'TUV 300', '3 - 5 years old', 'No current plan', 'Mall-Westend Mall----Shaw', '', '', '2019-03-02 09:47:36'),
(28, 9, 'Ajit singh', '9890883906', 'abc@gmail.com', '59', 'Male', 'Pune', '411061', 'Others', '', '', '', '', 'No current plan', 'Mall-Westend Mall----Kothari', '', '', '2019-03-02 10:22:50'),
(29, 9, 'smita pasi', '9552500989', 'smitakaithurgas@gamil.coj', '36', 'Female', 'Pune', '411021', 'Others', '', '', '', '', 'No current plan', 'Mall-Westend Mall----Kothari', '', '', '2019-03-02 10:31:10'),
(30, 9, 'Aniket rajput', '9637833375', 'aniketrajput77@gamil.com', '30', 'Male', 'Pune', '411061', 'Service', '', '', '', '', '6 months to 1 year', 'Mall-Westend Mall----Kothari', '', '', '2019-03-02 10:33:54'),
(31, 9, 'Binny sharma', '9560644551', 'Binnysharma@yahoo.com', '28', 'Male', 'Pune', '411067', 'Service', '', '', '', '', '6 months to 1 year', 'Mall-Westend Mall----Kothari', '', '', '2019-03-02 10:36:26'),
(32, 10, 'harish agarwal', '8291140187', 'harish_agar14@gmail.com', '38', 'Male', 'Kolkata', '700160', 'Business', '', 'Honda', 'City', '3 - 5 years old', '6 months to 1 year', 'RWA-Rosedale----Topsel Toyota', '', '', '2019-03-02 10:38:11'),
(33, 9, 'Satyam mahto', '9471647944', 'Satyammahto23@gmail.com', '23', 'Male', 'Pune', '411067', 'Others', '', '', '', '', '6 months to 1 year', 'Mall-Westend Mall----Kothari', '', '', '2019-03-02 10:38:58'),
(34, 10, 'bappa rudra', '9831946208', 'rudrbappa489@gmail.com', '50', 'Male', 'Kolkata', '700160', 'Business', '', '', '', '', '3 - 6 months', 'RWA-Rosedale----Topsel Toyota', '', '', '2019-03-02 10:39:51'),
(35, 9, 'Bhanu Priya', '8149664393', 'priyajmu_07@rediffmail.com', '30', 'Female', 'Pune', '411067', 'Service', '', '', '', '', 'No current plan', 'Mall-Westend Mall----Kothari', '', '', '2019-03-02 10:45:44'),
(36, 9, 'Isha Deshpande', '9767408131', 'ishadespande77@gmail.com', '30', 'Female', 'Pune', '411067', 'Business', '', 'Hyundai', 'Verna', '3 - 5 years old', 'No current plan', 'Mall-Westend Mall----Kothari', '', '', '2019-03-02 10:48:49'),
(37, 10, 'ellaimed mc haristel', '9289400957', 'mvarati@gamil.com', '42', 'Female', 'Kolkata', '700160', 'Business', '', 'Mitsubishi', 'Pajero Sport', '3 - 5 years old', 'No current plan', 'RWA-Rosedale----Topsel Toyota', '', '', '2019-03-02 10:51:04'),
(38, 9, 'pankaj pawar', '9637102548', 'abc@gmail.com', '29', 'Male', 'Pune', '412207', 'Service', '', '', '', '', 'No current plan', 'Mall-Westend Mall----Kothari', '', '', '2019-03-02 10:52:22'),
(39, 10, 'Vijay pal singh', '9831049513', 'Vijaypals14@gmail.com', '38', 'Male', 'Kolkata', '700160', 'Business', '', '', '', '', 'No current plan', 'RWA-Rosedale----Topsel Toyota', '', '', '2019-03-02 10:55:08'),
(40, 9, 'viraj suryawansi', '9960718580', 'vira.invents@gmail.com', '37', 'Male', 'Pune', '412207', 'Service', '', 'Volkswagen', 'Vento', '0 - 1 year old', '6 months to 1 year', 'Mall-Westend Mall----Kothari', '', '', '2019-03-02 10:56:21'),
(41, 9, 'sanjay jose', '9823047409', 'abc@gmail.com', '46', 'Male', 'Pune', '411020', 'Service', '', '', '', '', 'No current plan', 'Mall-Westend Mall----Kothari', '', '', '2019-03-02 10:59:58'),
(42, 9, 'sinosh kumar', '8310308596', 'sinoshkumar@gmail.com', '36', 'Male', 'Pune', '411020', 'Others', '', '', '', '', '6 months to 1 year', 'Mall-Westend Mall----Kothari', '', '', '2019-03-02 11:02:38'),
(43, 9, 'Raunak dhanushkar', '9833416840', 'Raunak1086@gmail.com', '32', 'Male', 'Pune', '411027', 'Service', '', 'Maruti', 'Wagon R', '3 - 5 years old', '6 months to 1 year', 'Mall-Westend Mall----Kothari', '', '', '2019-03-02 11:13:03'),
(44, 1, 'Demo', '9876543218', 'demo@gmail.com', '37', 'Male', 'Pune', '123456', 'Business', '', 'Mercedes-Benz', 'AMG GT', '0 - 1 year old', '3 - 6 months', 'Mall-Westend Mall----Kothari', '', '', '2019-03-02 11:16:52'),
(45, 9, 'Pallavi pawar', '8408977996', 'Pallavim2207@gmail.com', '32', 'Female', 'Pune', '411027', 'Others', '', 'Tata', 'Nano', '3 - 5 years old', '6 months to 1 year', 'Mall-Westend Mall----Kothari', '', '', '2019-03-02 11:19:01'),
(46, 9, 'Latina borade', '9011890335', 'Latikaborade@gmail.com', '32', 'Female', 'Pune', '411027', 'Others', '', 'Hyundai', 'Elite i20', '1 - 3 years old', '6 months to 1 year', 'Mall-Westend Mall----Kothari', '', '', '2019-03-02 11:21:04'),
(47, 9, 'Minakshi sharma', '9689549225', 'Abc@gmail.com', '29', 'Female', 'Pune', '411067', 'Others', '', 'Hyundai', 'Grand i10', '1 - 3 years old', '6 months to 1 year', 'Mall-Westend Mall----Sharayu', '', '', '2019-03-02 11:23:56'),
(48, 9, 'Anushree das', '8689845778', 'Abc@gmail.com', '34', 'Female', 'Pune', '421045', 'Service', '', 'Maruti', 'Alto 800', '1 - 3 years old', '6 months to 1 year', 'Mall-Westend Mall----Shaw', '', '', '2019-03-02 11:26:51'),
(49, 9, 'Ritesh', '9167605025', 'Abc@gmail.com', '33', 'Male', 'Pune', '411067', 'Service', '', '', '', '', '6 months to 1 year', 'Mall-Westend Mall----Shaw', '', '', '2019-03-02 11:30:49'),
(50, 9, 'S s chandurkar', '9423475005', 'Shravanchandurkar@gmail.com', '59', 'Male', 'Pune', '411027', 'Service', '', '', '', '', '6 months to 1 year', 'Mall-Westend Mall----Kothari', '', '', '2019-03-02 11:33:33'),
(51, 9, 'Am it salgutra', '9108157240', 'Amitsalgutra@gmail.com', '38', 'Male', 'Pune', '411067', 'Service', '', 'Maruti', 'Wagon R', '1 - 3 years old', '6 months to 1 year', 'Mall-Westend Mall----Kothari', '', '', '2019-03-02 11:35:30'),
(52, 9, 'Rajkumar kolalwar', '9890006963', 'Rajkumar.kolalwar71@gmail.com', '47', 'Male', 'Pune', '431603', 'Others', '', '', '', '', '6 months to 1 year', 'Mall-Westend Mall----Kothari', '', '', '2019-03-02 11:43:53'),
(53, 9, 'Rakesh kumar sharma', '9999999999', 'kumar123@gmail.com', '28', 'Male', 'Pune', '411042', 'Business', '', 'Lexus', 'LS', '0 - 1 year old', 'No current plan', 'Mall-Westend Mall----Shaw', '', '', '2019-03-02 11:53:01'),
(54, 9, 'Atul Pawar', '9762183864', 'pawar6373@gmail.com', '37', 'Male', 'Pune', '411017', 'Others', '', '', '', '', 'No current plan', 'Mall-Westend Mall----Kothari', '', '', '2019-03-02 11:56:14'),
(55, 9, 'Yash', '8440099001', 'Abc@gmail.com', '32', 'Male', 'Pune', '411067', 'Business', '', 'Hyundai', 'Verna', '3 - 5 years old', '6 months to 1 year', 'Mall-Westend Mall----Kothari', '', '', '2019-03-02 12:20:37'),
(56, 9, 'Salem shaikh', '8805921994', 'Abc@gmail.com', '27', 'Male', 'Pune', '412207', 'Others', '', '', '', '', '6 months to 1 year', 'Mall-Westend Mall----Kothari', '', '', '2019-03-02 12:22:28'),
(57, 9, 'Deepak namdeo', '9699315415', 'Dpi.namdeo@gmail.com', '29', 'Male', 'Pune', '411004', 'Others', '', '', '', '', '6 months to 1 year', 'Mall-Westend Mall----Sharayu', '', '', '2019-03-02 12:24:38'),
(58, 9, 'Jobin kandre', '9595560355', 'Abc@gmail.com', '27', 'Male', 'Pune', '411004', 'Others', '', '', '', '', '6 months to 1 year', 'Mall-Westend Mall----Shaw', '', '', '2019-03-02 12:26:28'),
(59, 9, 'Vaibhav shinde', '9049696973', 'Vashinde27@gmail.com', '27', 'Male', 'Pune', '411067', 'Others', '', '', '', '', '6 months to 1 year', 'Mall-Westend Mall----Sharayu', '', '', '2019-03-02 12:31:55'),
(60, 9, 'Arun sharma', '8805161382', 'Arun7196@gmail.com', '23', 'Male', 'Pune', '412207', 'Others', '', '', '', '', '6 months to 1 year', 'Mall-Westend Mall----Kothari', '', '', '2019-03-02 12:33:13'),
(61, 9, 'Jagdish mane', '9167025436', 'Abc@gmail.com', '24', 'Male', 'Pune', '411067', 'Others', '', '', '', '', '6 months to 1 year', 'Mall-Westend Mall----Kothari', '', '', '2019-03-02 12:35:05'),
(62, 9, 'Kshitija nrahme', '9505111878', 'Kshitijabramhe@gmail.com', '22', 'Female', 'Pune', '411067', 'Others', '', '', '', '', '6 months to 1 year', 'Mall-Westend Mall----Sharayu', '', '', '2019-03-02 12:36:33'),
(63, 9, 'Sakkeb singh', '7259878743', 'Abc@gmail.com', '35', 'Male', 'Pune', '411067', 'Others', '', '', '', '', '6 months to 1 year', 'Mall-Westend Mall----Shaw', '', '', '2019-03-02 12:42:15'),
(64, 9, 'Pankaj gadge', '8864192469', 'Pankajgande@gmail.com', '23', 'Male', 'Pune', '411027', 'Others', '', '', '', '', '6 months to 1 year', 'Mall-Westend Mall----Kothari', '', '', '2019-03-02 12:45:07'),
(65, 9, 'Poonam', '8805502787', 'Poonam@gmail.com', '28', 'Female', 'Pune', '431603', 'Service', '', '', '', '', '3 - 6 months', 'Mall-Westend Mall----Kothari', '', '', '2019-03-02 12:47:52'),
(66, 9, 'Swapnil Chavan', '8805901267', 'Pankajgadge@gmail.com', '28', 'Male', 'Pune', '431603', 'Others', '', '', '', '', '6 months to 1 year', 'Mall-Westend Mall----Sharayu', '', '', '2019-03-02 12:49:31'),
(67, 9, 'Rajiv', '9452510805', 'Abc@gmail.com', '38', 'Male', 'Pune', '411067', 'Others', '', '', '', '', '6 months to 1 year', 'Mall-Westend Mall----Kothari', '', '', '2019-03-02 12:51:06'),
(68, 9, 'Vivek', '9992431133', 'Abc@gmail.com', '24', 'Male', 'Pune', '431603', 'Others', '', '', '', '', '6 months to 1 year', 'Mall-Westend Mall----Kothari', '', '', '2019-03-02 12:53:44'),
(69, 9, 'Tahir shah', '8805646109', 'Tahirshaikh675@gmail.com', '29', 'Male', 'Pune', '412207', 'Others', '', '', '', '', '6 months to 1 year', 'Mall-Westend Mall----Sharayu', '', '', '2019-03-02 12:55:10'),
(70, 10, 'Sanjay jaiswal', '9674165763', 'Skj1403@gmail.com', '50', 'Male', 'Kolkata', '700160', 'Service', '', 'Honda', 'City', '1 - 3 years old', 'No current plan', 'RWA-Rosedale----Topsel Toyota', '', '', '2019-03-02 12:55:20'),
(71, 9, 'Prajwal', '7498510160', 'Abc@gmail.com', '29', 'Male', 'Pune', '431603', 'Others', '', '', '', '', '6 months to 1 year', 'Mall-Westend Mall----Sharayu', '', '', '2019-03-02 12:56:25'),
(72, 9, 'Sanket', '9011398181', 'Abc@gmail.com', '27', 'Male', 'Pune', '411004', 'Others', '', '', '', '', 'No current plan', 'Mall-Westend Mall----Sharayu', '', '', '2019-03-02 12:58:24'),
(73, 9, 'Uttam sinha', '9370609893', 'Abc@gmail.com', '29', 'Male', 'Pune', '411047', 'Service', '', '', '', '', '3 - 6 months', 'Mall-Westend Mall----Kothari', '', '', '2019-03-02 12:59:53'),
(74, 9, 'Ganesh', '9527344740', 'Ganeshchauhan@gmail.com', '25', 'Male', 'Pune', '431603', 'Service', '', '', '', '', 'No current plan', 'Mall-Westend Mall----Sharayu', '', '', '2019-03-02 13:07:32'),
(75, 9, 'Akshy', '9030402157', 'Abc@gmail.com', '25', 'Male', 'Pune', '411027', 'Service', '', '', '', '', '6 months to 1 year', 'Mall-Westend Mall----Shaw', '', '', '2019-03-02 13:10:31'),
(76, 10, 'arti rana', '9650157161', 'arti.rana@gmail.com', '29', 'Female', 'Kolkata', '700160', 'Business', '', 'Fiat', 'Punto EVO', '0 - 1 year old', 'No current plan', 'RWA-Rosedale----Topsel Toyota', '', '', '2019-03-02 13:12:23'),
(77, 9, 'Dr ms dehyalay', '8446649916', 'Modnsp@gmail.com', '46', 'Male', 'Pune', '411067', 'Service', '', '', '', '', '6 months to 1 year', 'Mall-Westend Mall----Kothari', '', '', '2019-03-02 13:12:57'),
(78, 10, 'anubhv sharma', '8879491966', 'anubhav.sharma78@gmail.com', '41', 'Male', 'Kolkata', '700160', 'Business', '', 'Skoda', 'Rapid', '1 - 3 years old', '3 - 6 months', 'RWA-Rosedale----Topsel Toyota', '', '', '2019-03-02 13:14:09'),
(79, 10, 'Ankita mathur', '9560835151', 'Ankutamathur21@gmail.com', '35', 'Female', 'Kolkata', '700160', 'Business', '', 'Maruti', 'Dzire', '3 - 5 years old', 'Within 3 months', 'RWA-Rosedale----Topsel Toyota', '', '', '2019-03-02 13:14:36'),
(80, 9, 'Akshy narkhede', '9921661946', 'Abc@gmail.com', '26', 'Male', 'Pune', '411067', 'Others', '', '', '', '', '6 months to 1 year', 'Mall-Westend Mall----Kothari', '', '', '2019-03-02 13:15:26'),
(81, 9, 'Nitin phanshias', '9503110016', 'Abc@gmail.com', '23', 'Male', 'Pune', '431603', 'Service', '', '', '', '', 'Within 3 months', 'Mall-Westend Mall----Kothari', '', '', '2019-03-02 13:17:14'),
(82, 10, 'sharmistha ghosh', '9830826586', 'ghosh.sarmistha@gmail.com', '27', 'Female', 'Kolkata', '700160', 'Business', '', 'Hyundai', 'Verna', '3 - 5 years old', '6 months to 1 year', 'RWA-Rosedale----Topsel Toyota', '', '', '2019-03-02 13:17:44'),
(83, 10, 'Nitinn pandita', '9930710190', 'Nitinpandita19@gmail.com', '31', 'Male', 'Kolkata', '700160', 'Service', '', '', '', '', 'Within 3 months', 'RWA-Rosedale----Topsel Toyota', '', '', '2019-03-02 13:17:49'),
(84, 9, 'Govind', '9325096943', 'Abc@gmail.com', '57', 'Male', 'Pune', '431603', 'Service', '', '', '', '', 'Within 3 months', 'Mall-Westend Mall----Kothari', '', '', '2019-03-02 13:19:26'),
(85, 10, 'chandana dey', '9073953923', 'dey_chandana561@gmail.com', '51', 'Female', 'Kolkata', '700160', 'Business', '', 'Toyota', 'Innova Crysta', '1 - 3 years old', '6 months to 1 year', 'RWA-Rosedale----Topsel Toyota', '', '', '2019-03-02 13:19:54'),
(86, 10, 'Joydeep bhaduri', '8017005084', 'Jbhaduri@gmail.com', '45', 'Male', 'Kolkata', '700160', 'Service', '', 'Ford', 'EcoSport', '1 - 3 years old', 'Within 3 months', 'RWA-Rosedale----Topsel Toyota', '', '', '2019-03-02 13:20:45'),
(87, 9, 'Prasant', '9717285374', 'Abc@yahoo.com', '30', 'Male', 'Pune', '411067', 'Others', '', '', '', '', '6 months to 1 year', 'Mall-Westend Mall----Kothari', '', '', '2019-03-02 13:21:08'),
(88, 9, 'Manishakhare', '8999898702', 'Abc@gmail.com', '35', 'Female', 'Pune', '411067', 'Service', '', '', '', '', '3 - 6 months', 'Mall-Westend Mall----Kothari', '', '', '2019-03-02 13:23:27'),
(89, 9, 'bandan kumar', '7295058871', 'xyz@gmsil.com', '51', 'Male', 'Pune', '411047', 'Service', '', '', '', '', '6 months to 1 year', 'Mall-Westend Mall----Shaw', '', '', '2019-03-02 13:26:00'),
(90, 10, 'susmita ambastha', '7709692200', 'usmitaambastha@gmail.com', '40', 'Female', 'Kolkata', '700160', 'Others', '', 'Honda', 'Select', '3 - 5 years old', 'No current plan', 'RWA-Rosedale----Topsel Toyota', '', '', '2019-03-02 13:29:05'),
(91, 9, 'Kiran', '9819204119', 'Abc@gmail.com', '39', 'Male', 'Pune', '412207', 'Service', '', '', '', '', '3 - 6 months', 'Mall-Westend Mall----Shaw', '', '', '2019-03-02 13:29:43'),
(92, 9, 'Swapnil charan', '8805010126', 'Abc@gmail.com', '26', 'Male', 'Pune', '431603', 'Service', '', '', '', '', '3 - 6 months', 'Mall-Westend Mall----Kothari', '', '', '2019-03-02 13:33:32'),
(93, 9, 'Abdor R Ahmad', '8486629535', 'abc@gmail.com', '32', 'Male', 'Pune', '411067', 'Service', '', '', '', '', '6 months to 1 year', 'Mall-Westend Mall----Shaw', '', '', '2019-03-02 13:35:50'),
(94, 9, 'prashant', '9049990073', 'abc@gmail.com', '33', 'Male', 'Pune', '411044', 'Service', '', 'Maruti', 'Ertiga', '0 - 1 year old', '3 - 6 months', 'Mall-Westend Mall----Kothari', '', '', '2019-03-02 13:43:04'),
(95, 9, 'Asinnnra chavhan', '9960797050', 'Abc@gmail.com', '23', 'Male', 'Pune', '412207', 'Service', '', '', '', '', 'Within 3 months', 'Mall-Westend Mall----Kothari', '', '', '2019-03-02 13:43:25'),
(96, 10, 'nirmallo khan', '9790988910', 'nirmallo.khan22@gmail.com', '44', 'Male', 'Kolkata', '700160', 'Service', '', 'Tata', 'Safari Storme', '1 - 3 years old', 'No current plan', 'RWA-Rosedale----Topsel Toyota', '', '', '2019-03-02 13:44:35'),
(97, 9, 'Chandan Ghosh', '9830488334', 'abcd@gmai.com', '45', 'Male', 'Pune', '411044', 'Business', '', 'Toyota', 'Etios Cross', '0 - 1 year old', 'No current plan', 'Mall-Westend Mall----Kothari', '', '', '2019-03-02 13:44:53'),
(98, 9, 'Nikhil Avchare', '7350378154', 'abcd@gmail.com', '25', 'Male', 'Pune', '411033', 'Others', '', '', '', '', 'No current plan', 'Mall-Westend Mall----Kothari', '', '', '2019-03-02 13:46:29'),
(99, 9, 'Malini DK', '7745082510', 'abcd@gmail.com', '36', 'Female', 'Pune', '411066', 'Others', '', '', '', '', 'No current plan', 'Mall-Westend Mall----Kothari', '', '', '2019-03-02 13:48:01'),
(100, 9, 'Laxman Chauri', '7741093619', 'Laxmanchauri78@gmail.com', '34', 'Male', 'Pune', '411016', 'Others', '', '', '', '', 'No current plan', 'Mall-Westend Mall----Kothari', '', '', '2019-03-02 13:48:48'),
(101, 9, 'Nikhil Bhalerao', '7719806998', 'abcd@gmail.com', '27', 'Male', 'Pune', '411033', 'Others', '', '', '', '', 'No current plan', 'Mall-Westend Mall----Kothari', '', '', '2019-03-02 13:49:20'),
(102, 9, 'Khutwad Priyanka', '8380854190', 'khutwadpriyanka@gmail.com', '24', 'Female', 'Pune', '412213', 'Service', '', '', '', '', 'No current plan', 'Mall-Westend Mall----Kothari', '', '', '2019-03-02 13:50:42'),
(103, 9, 'Navnath Pachwwne', '8552992101', 'Abc@gmail.com', '26', 'Male', 'Pune', '411016', 'Service', '', '', '', '', '6 months to 1 year', 'Mall-Westend Mall----Sharayu', '', '', '2019-03-02 13:51:33'),
(104, 9, 'Dijvijay BandAL', '8308949248', 'dijvijay@rediffmail.com', '30', 'Male', 'Pune', '411012', 'Others', '', '', '', '', 'No current plan', 'Mall-Westend Mall----Kothari', '', '', '2019-03-02 13:52:09'),
(105, 9, 'Rachit Bansal', '8149905337', 'abccd@gmail.com', '25', 'Male', 'Pune', '411057', 'Others', '', '', '', '', 'No current plan', 'Mall-Westend Mall----Kothari', '', '', '2019-03-02 13:53:34'),
(106, 9, 'Sushil Patil', '9860792346', 'Patilsushil@gmail.com', '31', 'Male', 'Pune', '411061', 'Service', '', '', '', '', '6 months to 1 year', 'Mall-Westend Mall----Sharayu', '', '', '2019-03-02 13:54:04'),
(107, 9, 'Pravin Reddy', '7507739079', 'abcd@gmail.com', '33', 'Male', 'Pune', '411911', 'Others', '', '', '', '', 'No current plan', 'Mall-Westend Mall----Kothari', '', '', '2019-03-02 13:54:30'),
(108, 9, 'kunal Seth', '7045073486', 'abcd@gmail.com', '25', 'Male', 'Pune', '411057', 'Others', '', '', '', '', 'No current plan', 'Mall-Westend Mall----Kothari', '', '', '2019-03-02 13:55:36'),
(109, 9, 'Abhijit', '9740296151', 'Abc123@gmail.com', '29', 'Male', 'Pune', '411016', 'Others', '', '', '', '', 'No current plan', 'Mall-Westend Mall----Shaw', '', '', '2019-03-02 13:57:26'),
(110, 9, 'Ratneah Pandey', '7517079089', 'pandey.ratnesh936@gmail.com', '28', 'Male', 'Pune', '411016', 'Service', '', '', '', '', 'Within 3 months', 'Mall-Westend Mall----Sharayu', '', '', '2019-03-02 14:02:31'),
(111, 9, 'Neil Ghorpade', '8484015790', 'Way1_neil@gmail.com', '28', 'Male', 'Pune', '411004', 'Service', '', '', '', '', '6 months to 1 year', 'Mall-Westend Mall----Sharayu', '', '', '2019-03-02 14:05:08'),
(112, 9, 'Vipul Shah', '8983806092', 'anjuree82@gmail.com', '25', 'Female', 'Pune', '411004', 'Others', '', 'Maruti', 'Swift', '3 - 5 years old', '6 months to 1 year', 'Mall-Westend Mall----Kothari', '', '', '2019-03-02 14:08:10'),
(113, 9, 'yashvant more', '8975741427', 'abc@yahoo.com', '38', 'Male', 'Pune', '411033', 'Others', '', '', '', '', '6 months to 1 year', 'Mall-Westend Mall----Sharayu', '', '', '2019-03-02 14:14:55'),
(114, 9, 'chandan sharma', '9883867359', 'abc@gmail.com', '52', 'Male', 'Pune', '411027', 'Others', '', '', '', '', '6 months to 1 year', 'Mall-Westend Mall----Sharayu', '', '', '2019-03-02 14:19:02'),
(115, 9, 'amit dusane', '9892217441', 'dusane32@gmail.com', '34', 'Male', 'Pune', '411027', 'Others', '', '', '', '', '6 months to 1 year', 'Mall-Westend Mall----Sharayu', '', '', '2019-03-02 14:20:52'),
(116, 9, 'Keshav', '9503316540', 'Pankajgadge@gmail.com', '23', 'Male', 'Pune', '411004', 'Service', '', '', '', '', '6 months to 1 year', 'Mall-Westend Mall----Kothari', '', '', '2019-03-02 14:28:41'),
(117, 9, 'devesh khanti', '9552793501', 'abc@gmail.com', '23', 'Male', 'Pune', '411063', 'Business', '', '', '', '', 'Within 3 months', 'Mall-Westend Mall----Sharayu', '', '', '2019-03-02 14:36:10'),
(118, 9, 'Jacky', '7385892923', 'Tyagirajan@yahoo.com', '24', 'Male', 'Pune', '411004', 'Service', '', '', '', '', 'Within 3 months', 'Mall-Westend Mall----Kothari', '', '', '2019-03-02 14:37:46'),
(119, 9, 'FaRaz', '9730407511', 'Ganeshaware16@gmail.com', '22', 'Male', 'Pune', '412207', 'Service', '', '', '', '', '3 - 6 months', 'Mall-Westend Mall----Sharayu', '', '', '2019-03-02 14:38:55'),
(120, 9, 'Manoj mishra', '9764005655', 'Abc@gmail.com', '32', 'Male', 'Pune', '411056', 'Others', '', '', '', '', 'No current plan', 'Mall-Westend Mall----Kothari', '', '', '2019-03-02 15:07:50'),
(121, 9, 'Yogesh mogal', '9890582243', 'Yogeshmogal@gmail.com', '36', 'Male', 'Pune', '411603', 'Service', '', 'Ford', 'Figo', '1 - 3 years old', 'No current plan', 'Mall-Westend Mall----Kothari', '', '', '2019-03-02 15:12:10'),
(122, 9, 'Viraj sir', '9028996838', 'Abc@gmail.com', '22', 'Male', 'Pune', '411027', 'Service', '', '', '', '', 'No current plan', 'Mall-Westend Mall----Kothari', '', '', '2019-03-02 15:14:40'),
(123, 9, 'Rajendra patil', '7709589869', 'Abc@gmail.com', '39', 'Male', 'Pune', '411016', 'Service', '', '', '', '', 'No current plan', 'Mall-Westend Mall----Kothari', '', '', '2019-03-02 15:16:33'),
(124, 9, 'Rohit sir', '7972971987', 'Abc2@gmail.com', '32', 'Male', 'Pune', '411016', 'Service', '', '', '', '', '6 months to 1 year', 'Mall-Westend Mall----Kothari', '', '', '2019-03-02 15:19:32'),
(125, 9, 'Amit arora', '9923087400', 'Amitslink@gmail.com', '27', 'Male', 'Pune', '411016', 'Others', '', '', '', '', 'No current plan', 'Mall-Westend Mall----Kothari', '', '', '2019-03-02 15:24:48'),
(126, 9, 'nakul lande', '7755917152', 'nakul.lande@gmail.com', '35', 'Male', 'Pune', '411020', 'Service', '', '', '', '', '6 months to 1 year', 'Mall-Westend Mall----Sharayu', '', '', '2019-03-02 15:26:23'),
(127, 11, 'Koushal', '9649494656', 'abc@gmail.com', '20', 'Male', 'Jaipur', '302029', 'Others', '', 'Maruti', 'Others', '5 + years old', '3 - 6 months', 'RWA-Mangalam Ananda----Rajesh Toyota', '', '', '2019-03-02 16:09:38'),
(128, 11, 'Ashwini Pareek', '9414067745', 'abc@gmail.com', '63', 'Male', 'Jaipur', '302029', 'Business', '', 'Toyota', 'Other', '1 - 3 years old', 'No current plan', 'RWA-Mangalam Ananda----Om Toyota', '', '', '2019-03-02 20:19:19'),
(129, 11, 'Arjun', '9414309756', 'abc@gmail.com', '44', 'Male', 'Jaipur', '302029', 'Service', '', 'Honda', 'City', '1 - 3 years old', '3 - 6 months', 'RWA-Mangalam Ananda----Om Toyota', '', '', '2019-03-02 20:21:40'),
(130, 11, 'Vinod Kumar', '9928006273', 'abc@gmail.com', '31', 'Male', 'Jaipur', '302029', 'Service', '', 'Maruti', 'Vitara Brezza', '0 - 1 year old', 'Within 3 months', 'RWA-Mangalam Ananda----Om Toyota', '', '', '2019-03-02 20:26:53'),
(131, 11, 'Satyvir Singh', '9827206501', 'abc@gmail.com', '30', 'Male', 'Jaipur', '302029', 'Service', '', 'Mahindra', 'XUV500', '1 - 3 years old', 'No current plan', 'RWA-Mangalam Ananda----Rajesh Toyota', '', '', '2019-03-02 20:29:13'),
(132, 11, 'Ritesh kumar', '8949151629', 'Ritesh.jf.002@gmail.com', '29', 'Male', 'Jaipur', '302029', 'Service', '', 'Maruti', 'Wagon R', '5 + years old', '6 months to 1 year', 'RWA-Mangalam Ananda----Rajesh Toyota', '', '', '2019-03-02 20:32:22'),
(133, 11, 'Rajesh Gupta', '9928811718', 'abc@gmail.com', '56', 'Male', 'Jaipur', '302029', 'Service', '', 'Honda', 'City', '0 - 1 year old', '6 months to 1 year', 'RWA-Mangalam Ananda----Rajesh Toyota', '', '', '2019-03-02 20:34:33'),
(134, 11, 'Abhinav Sharma', '9887686001', 'Sharma.ab1990@gmail.com', '26', 'Male', 'Jaipur', '302029', 'Service', '', 'Mahindra', 'Others', '3 - 5 years old', 'Within 3 months', 'RWA-Mangalam Ananda----Om Toyota', '', '', '2019-03-02 20:37:52'),
(135, 11, 'J P Sharma', '9950530351', 'abc@gmail.com', '26', 'Male', 'Jaipur', '302029', 'Service', '', '', '', '', 'No current plan', 'RWA-Mangalam Ananda----Om Toyota', '', '', '2019-03-02 20:39:49'),
(136, 11, 'Rajeev', '9636256333', 'abc@gmail.com', '44', 'Male', 'Jaipur', '302029', 'Business', '', 'Hyundai', 'i20 Active', '1 - 3 years old', '3 - 6 months', 'RWA-Mangalam Ananda----Rajesh Toyota', '', '', '2019-03-02 20:42:07'),
(137, 11, 'Jagdip', '9462047175', 'Jagdeep.joi@gmail.com', '29', 'Male', 'Jaipur', '302029', 'Business', '', 'Honda', 'City', '3 - 5 years old', '3 - 6 months', 'RWA-Mangalam Ananda----Rajesh Toyota', '', '', '2019-03-02 20:44:09'),
(138, 11, 'Anurag Singh', '9810314476', 'anuragaingh.mr@gmail.com', '50', 'Male', 'Jaipur', '302029', 'Service', '', 'Skoda', 'Octavia', '5 + years old', 'Within 3 months', 'RWA-Mangalam Ananda----Rajesh Toyota', '', '', '2019-03-02 20:47:47'),
(139, 11, 'Rahul Goual', '9928531134', 'Rahull.oyal53@gmail.com', '26', 'Male', 'Jaipur', '302029', 'Service', '', 'Hyundai', 'Sonata', '3 - 5 years old', 'Within 3 months', 'RWA-Mangalam Ananda----Rajesh Toyota', '', '', '2019-03-02 20:50:46'),
(140, 9, 'Prakesh', '9881716822', 'dhanawade.prakash@rediffmail.com', '49', 'Male', 'Pune', '411044', 'Service', '', 'Maruti', 'Wagon R', '3 - 5 years old', 'Within 3 months', 'Mall-Westend Mall----Sharayu', '', '', '2019-03-03 06:04:48'),
(141, 10, 'Biplab bose', '9903304633', 'bb.bose2007@gmail.com', '36', 'Male', 'Kolkata', '700067', 'Business', '', '', '', '', 'No current plan', 'RWA - Natural View----Saina Toyota', '', '', '2019-03-03 06:40:48'),
(142, 9, 'yuvraj sing', '6261408380', 'rajsingh15335@gmail.com', '23', 'Male', 'Pune', '411027', 'Service', '', '', '', '', '3 - 6 months', 'Mall-Westend Mall----Kothari', '', '', '2019-03-03 06:45:37'),
(143, 9, 'sarth kalam', '9767711432', 'sarthakkalam28@gmail.com', '29', 'Male', 'Pune', '411027', 'Others', '', 'Honda', 'Accord', '3 - 5 years old', '6 months to 1 year', 'Mall-Westend Mall----Kothari', '', '', '2019-03-03 06:49:19'),
(144, 9, 'pranav bhosle', '8888097664', 'abc@gmail.com', '30', 'Male', 'Pune', '411067', 'Business', '', 'Volkswagen', 'Polo', '0 - 1 year old', '3 - 6 months', 'Mall-Westend Mall----Kothari', '', '', '2019-03-03 06:52:13'),
(145, 9, 'jalha mithun', '9673281240', 'abc@gmail.com', '31', 'Male', 'Pune', '411027', 'Service', '', 'Hyundai', 'Creta', '0 - 1 year old', '3 - 6 months', 'Mall-Westend Mall----Shaw', '', '', '2019-03-03 06:59:22'),
(146, 9, 'Rahul Dhay', '9730794404', 'rahuld97@gmail.com', '40', 'Male', 'Pune', '411042', 'Service', '', '', '', '', 'No current plan', 'Mall-Westend Mall----Kothari', '', '', '2019-03-03 07:03:04'),
(147, 9, 'Dhiraj singh  chouhan', '7066216156', 'dhirajsinghchouhan@gmail.com', '36', 'Male', 'Pune', '411042', 'Service', '', 'Hyundai', 'Elite i20', '0 - 1 year old', 'No current plan', 'Mall-Westend Mall----Shaw', '', '', '2019-03-03 07:05:35'),
(148, 9, 'lakshmikant  sotari', '9822538269', 'lakshmikant@gmail.com', '50', 'Male', 'Pune', '411067', 'Service', '', 'Honda', 'City', '5 + years old', '6 months to 1 year', 'Mall-Westend Mall----Shaw', '', '', '2019-03-03 07:29:44'),
(149, 9, 'sejal milind jahgalbag', '7083909158', 'abc@gmail.com', '23', 'Male', 'Pune', '411012', 'Others', '', '', '', '', 'No current plan', 'Mall-Westend Mall----Shaw', '', '', '2019-03-03 07:30:30'),
(150, 9, 'prasant', '9881111682', 'abc@gmail.com', '24', 'Male', 'Pune', '411047', 'Service', '', 'Force', 'Gurkha', '1 - 3 years old', '6 months to 1 year', 'Mall-Westend Mall----Sharayu', '', '', '2019-03-03 07:35:20'),
(151, 9, 'dhsuvverma', '9762181974', 'abc@gmail.com', '28', 'Male', 'Pune', '411047', 'Service', '', '', '', '', '6 months to 1 year', 'Mall-Westend Mall----Sharayu', '', '', '2019-03-03 07:36:52'),
(152, 9, 'abijeet', '9607011404', 'abc@gmail.com', '28', 'Male', 'Pune', '411047', 'Service', '', '', '', '', 'Within 3 months', 'Mall-Westend Mall----Shaw', '', '', '2019-03-03 07:38:25'),
(153, 9, 'geetanjali', '7773966412', 'abc@gmail.com', '38', 'Male', 'Pune', '411047', 'Service', '', '', '', '', '6 months to 1 year', 'Mall-Westend Mall----Shaw', '', '', '2019-03-03 07:42:43'),
(154, 9, 'chetan agwin', '9606951344', 'abc@gmail.com', '28', 'Male', 'Pune', '411047', 'Business', '', 'Maruti', 'Wagon R', '5 + years old', '6 months to 1 year', 'Mall-Westend Mall----Shaw', '', '', '2019-03-03 07:44:40'),
(155, 9, 'vaibhav', '8855879777', 'abc@gmail.com', '26', 'Male', 'Pune', '411027', 'Business', '', 'Jeep', 'Compass', '5 + years old', '3 - 6 months', 'Mall-Westend Mall----Shaw', '', '', '2019-03-03 07:48:06'),
(156, 9, 'abhinav lonlhe', '7757788708', 'abc@gmail.com', '25', 'Male', 'Pune', '411067', 'Business', '', 'Land Rover', 'Range Rover', '5 + years old', '3 - 6 months', 'Mall-Westend Mall----Shaw', '', '', '2019-03-03 07:50:28'),
(157, 9, 'suraj', '7558063099', 'abc@gmail.com', '40', 'Male', 'Pune', '411069', 'Service', '', 'Lexus', 'LX', '0 - 1 year old', 'Within 3 months', 'Mall-Westend Mall----Shaw', '', '', '2019-03-03 07:51:48'),
(158, 9, 'nitin kamble', '7719066686', 'abc@gmail.com', '28', 'Male', 'Pune', '411068', 'Service', '', '', '', '', '3 - 6 months', 'Mall-Westend Mall----Shaw', '', '', '2019-03-03 07:52:36'),
(159, 9, 'mohammd aavid', '6388584839', 'abc@gmail.com', '27', 'Male', 'Pune', '411069', 'Business', '', '', '', '', '6 months to 1 year', 'Mall-Westend Mall----Shaw', '', '', '2019-03-03 07:54:46'),
(160, 9, 'kranti Gavandi', '8999356036', 'abc@gmail.com', '19', 'Female', 'Pune', '411012', 'Others', '', '', '', '', 'No current plan', 'Mall-Westend Mall----Shaw', '', '', '2019-03-03 07:56:08'),
(161, 9, 'suraj setapatle', '8308571297', 'abc@gmail.con', '29', 'Male', 'Pune', '411047', 'Service', '', '', '', '', '6 months to 1 year', 'Mall-Westend Mall----Shaw', '', '', '2019-03-03 07:56:10'),
(162, 9, 'kailash Daudke', '8975985424', 'abc@gmail.com', '26', 'Male', 'Pune', '411012', 'Others', '', '', '', '', 'No current plan', 'Mall-Westend Mall----Sharayu', '', '', '2019-03-03 08:00:02'),
(163, 9, 'sanjay padle', '8446407603', 'abc@gmail.vom', '24', 'Male', 'Pune', '411047', 'Service', '', '', '', '', '6 months to 1 year', 'Mall-Westend Mall----Shaw', '', '', '2019-03-03 08:01:08'),
(164, 9, 'B.D. Wani', '9823105718', 'abc@gmail.com', '21', 'Male', 'Pune', '411012', 'Others', '', '', '', '', 'No current plan', 'Mall-Westend Mall----Sharayu', '', '', '2019-03-03 08:02:37'),
(165, 9, 'chandrapal thade', '8380036981', 'abc@gmail.com', '25', 'Male', 'Pune', '411047', 'Business', '', '', '', '', '6 months to 1 year', 'Mall-Westend Mall----Shaw', '', '', '2019-03-03 08:03:24'),
(166, 9, 'seema patil', '9767808343', 'abc@gmail.com', '41', 'Male', 'Pune', '411067', 'Service', '', '', '', '', 'Within 3 months', 'Mall-Westend Mall----Shaw', '', '', '2019-03-03 08:04:54'),
(167, 9, 'rohni barne', '8411898282', 'abc@gmail.com', '23', 'Male', 'Pune', '411047', 'Business', '', '', '', '', '3 - 6 months', 'Mall-Westend Mall----Shaw', '', '', '2019-03-03 08:08:34'),
(168, 12, 'Rajkumar purohit', '9831130276', 'rajkumar.purohit13@gmail.com', '55', 'Male', 'Kolkata', '700067', 'Service', '', '', '', '', 'No current plan', 'RWA - Natural View----Saina Toyota', '', '', '2019-03-03 08:13:13'),
(169, 9, 'jay kush', '8306635812', 'abc@gmail.com', '25', 'Male', 'Pune', '411047', 'Service', '', '', '', '', '3 - 6 months', 'Mall-Westend Mall----Shaw', '', '', '2019-03-03 08:13:31'),
(170, 9, 'panakj krlkar', '9689677177', 'pankaj2907@gmail.com', '32', 'Male', 'Pune', '411042', 'Service', '', 'Jaguar', 'XJ', '0 - 1 year old', '6 months to 1 year', 'Mall-Westend Mall----Shaw', '', '', '2019-03-03 08:13:37'),
(171, 9, 'manoj more', '9766693298', 'harsh1805@hotmail.com', '40', 'Male', 'Pune', '411042', 'Business', '', 'Mahindra', 'XUV700', '0 - 1 year old', '3 - 6 months', 'Mall-Westend Mall----Shaw', '', '', '2019-03-03 08:16:03'),
(172, 9, 'devanand patole', '9527860109', 'abc@gmail.com', '22', 'Male', 'Pune', '411047', 'Service', '', '', '', '', 'Within 3 months', 'Mall-Westend Mall----Shaw', '', '', '2019-03-03 08:16:47'),
(173, 9, 'amit chandravansi', '8975144085', 'abc@gmail.com', '27', 'Male', 'Pune', '411047', 'Business', '', '', '', '', '6 months to 1 year', 'Mall-Westend Mall----Shaw', '', '', '2019-03-03 08:18:24'),
(174, 12, 'Anil kumar', '9230634445', 'Anilkumar02@gmail.com', '40', 'Male', 'Kolkata', '700067', 'Business', '', '', '', '', 'No current plan', 'RWA - Natural View----Saina Toyota', '', '', '2019-03-03 08:19:50'),
(175, 9, 'hsnumant andhere', '9527872291', 'abc@gmail.com', '31', 'Male', 'Pune', '411047', 'Service', '', '', '', '', '6 months to 1 year', 'Mall-Westend Mall----Shaw', '', '', '2019-03-03 08:20:43'),
(176, 9, 'vipul fair', '9537768186', 'abc@gmail.com', '27', 'Male', 'Pune', '411042', 'Others', '', '', '', '', 'No current plan', 'Mall-Westend Mall----Kothari', '', '', '2019-03-03 08:21:55'),
(177, 9, 'tarun singh', '8237759188', 'abc@gmail.com', '35', 'Male', 'Pune', '411047', 'Others', '', '', '', '', '3 - 6 months', 'Mall-Westend Mall----Shaw', '', '', '2019-03-03 08:23:51'),
(178, 9, 'mohammad shaikh', '9511825135', 'abc@gmail.com', '25', 'Male', 'Pune', '411042', 'Others', '', '', '', '', 'No current plan', 'Mall-Westend Mall----Shaw', '', '', '2019-03-03 08:25:14'),
(179, 9, 'siv mohsn', '9161681330', 'abc@gmail.com', '28', 'Male', 'Pune', '411047', 'Business', '', '', '', '', '6 months to 1 year', 'Mall-Westend Mall----Shaw', '', '', '2019-03-03 08:25:59'),
(180, 10, 'Bidyut gope', '9674554554', 'souravgope01z@gmail.com', '53', 'Male', 'Kolkata', '700067', 'Business', '', 'Ford', 'Aspire', '3 - 5 years old', 'No current plan', 'RWA - Natural View----Saina Toyota', '', '', '2019-03-03 08:26:44'),
(181, 9, 'Deepak kumar jha', '9075273602', 'abc@gmail.com', '29', 'Male', 'Pune', '411042', 'Others', '', '', '', '', 'No current plan', 'Mall-Westend Mall----Sharayu', '', '', '2019-03-03 08:26:55'),
(182, 9, 'bhusan selmkhare', '9923961122', 'bhusan@gmail.com', '31', 'Male', 'Pune', '412579', 'Service', '', 'Hyundai', 'Elite i20', '1 - 3 years old', '3 - 6 months', 'Mall-Westend Mall----Shaw', '', '', '2019-03-03 08:32:11'),
(183, 9, 'brijesh kumar', '7768881568', 'avb@gmail.com', '27', 'Male', 'Pune', '411047', 'Service', '', '', '', '', '3 - 6 months', 'Mall-Westend Mall----Shaw', '', '', '2019-03-03 08:34:01'),
(184, 10, 'Vikash agarwal', '9831106810', 'v.agarwal327@gmail.com', '42', 'Male', 'Kolkata', '700067', 'Service', '', 'Hyundai', 'Creta', '1 - 3 years old', '3 - 6 months', 'RWA - Natural View----Saina Toyota', '', '', '2019-03-03 08:39:31'),
(185, 10, 'Tapan roy', '8274974811', 'modernttred@gmail.com', '68', 'Male', 'Kolkata', '700067', 'Others', '', 'Honda', 'Amaze', '3 - 5 years old', '6 months to 1 year', 'RWA - Natural View----Saina Toyota', '', '', '2019-03-03 08:44:40'),
(186, 10, 'Tanoy podder', '9831179061', 'Tanoyp@gmail.com', '46', 'Male', 'Kolkata', '700067', 'Business', '', 'Volkswagen', 'Vento', '0 - 1 year old', '6 months to 1 year', 'RWA - Natural View----Saina Toyota', '', '', '2019-03-03 08:49:04'),
(187, 12, 'puja dalmia', '9230003336', 'pdalmia2002@gmail.com', '36', 'Female', 'Kolkata', '700067', 'Others', '', '', '', '', 'No current plan', 'RWA - Natural View----Saina Toyota', '', '', '2019-03-03 08:49:14'),
(188, 9, 'Atul Pawar', '8007958743', 'atulpawar128@gmail.com', '37', 'Male', 'Pune', '411067', 'Others', '', 'Tata', 'Tigor', '0 - 1 year old', 'No current plan', 'Mall-Westend Mall----Sharayu', '', '', '2019-03-03 08:53:45'),
(189, 9, 'Yashwant Mukesh Sarad', '7769981567', 'yashwantsarad101@gmail.com', '24', 'Male', 'Pune', '411011', 'undefined', '', 'Tata', 'Others', '0 - 1 year old', '3 - 6 months', 'Mall-Westend Mall----Sharayu', '', '', '2019-03-03 08:54:44'),
(190, 12, 'jagat kochair', '9830885555', 'jkochair@gmail.com', '49', 'Male', 'Kolkata', '700067', 'Service', '', '', '', '', 'No current plan', 'RWA - Natural View----Saina Toyota', '', '', '2019-03-03 08:55:16'),
(191, 9, 'shubham walhekar', '8888192159', 'shubhamwalhekar832@gmail.com', '20', 'Male', 'Pune', '411042', 'Service', '', '', '', '', 'No current plan', 'Mall-Westend Mall----Shaw', '', '', '2019-03-03 08:56:00'),
(192, 10, 'Amitava Dey', '9831076622', 'amitdey9@gmail.com', '53', 'Male', 'Kolkata', '700067', 'Service', '', 'Hyundai', 'Xcent', '0 - 1 year old', 'Within 3 months', 'RWA - Natural View----Saina Toyota', '', '', '2019-03-03 08:57:01'),
(193, 12, 'supriya Paul', '8420702402', 'spaul2929@gmail.com', '31', 'Female', 'Kolkata', '700067', 'Service', '', '', '', '', 'No current plan', 'RWA - Natural View----Saina Toyota', '', '', '2019-03-03 08:57:37'),
(194, 9, 'vishwas walave kar', '9923779007', 'getvishwas@gmail.com', '46', 'Male', 'Pune', '411042', 'Business', '', 'Jaguar', 'XE', '0 - 1 year old', '6 months to 1 year', 'Mall-Westend Mall----Sharayu', '', '', '2019-03-03 08:58:35'),
(195, 9, 'Md Afzal Raza', '6203513232', 'abc@gmail.com', '24', 'Male', 'Pune', '411047', 'Service', '', '', '', '', '6 months to 1 year', 'Mall-Westend Mall----Sharayu', '', '', '2019-03-03 09:00:20'),
(196, 9, 'naeem shaikh', '9764295169', 'abc@gmai.com', '28', 'Male', 'Pune', '411042', 'Others', '', 'Toyota', 'Etios Cross', '1 - 3 years old', 'No current plan', 'Mall-Westend Mall----Shaw', '', '', '2019-03-03 09:00:54'),
(197, 9, 'raj bsket', '8308072335', 'abc@gmail.com', '26', 'Male', 'Pune', '411067', 'Service', '', 'Maruti', 'Gypsy', '1 - 3 years old', '6 months to 1 year', 'Mall-Westend Mall----Shaw', '', '', '2019-03-03 09:01:54'),
(198, 9, 'zeeshan', '9860402066', 'abc@gmail.com', '24', 'Male', 'Pune', '411042', 'Others', '', '', '', '', 'No current plan', 'Mall-Westend Mall----Kothari', '', '', '2019-03-03 09:02:22'),
(199, 9, 'rehma prajapati', '8540071818', 'abc@gmail.com', '26', 'Male', 'Pune', '411027', 'Service', '', '', '', '', '6 months to 1 year', 'Mall-Westend Mall----Shaw', '', '', '2019-03-03 09:03:34'),
(200, 9, 'vijay seth', '9922471743', 'vijayseth1234@gmail.com', '39', 'Male', 'Pune', '411042', 'Others', '', '', '', '', 'No current plan', 'Mall-Westend Mall----Sharayu', '', '', '2019-03-03 09:03:56'),
(201, 9, 'sanes kumar', '9373844960', 'abc@gmail.com', '35', 'Male', 'Pune', '411027', 'Service', '', 'Tata', 'Zest', '5 + years old', '6 months to 1 year', 'Mall-Westend Mall----Sharayu', '', '', '2019-03-03 09:05:59'),
(202, 9, 'rohit surywansi', '8390282264', 'abc@gmail.com', '29', 'Male', 'Pune', '422047', 'Service', '', 'Tata', 'Sumo', '0 - 1 year old', 'Within 3 months', 'Mall-Westend Mall----Shaw', '', '', '2019-03-03 09:08:11'),
(203, 9, 'soham patange', '8600462512', 'sohampatange1994@gmail.com', '26', 'Male', 'Pune', '411042', 'Others', '', 'Maruti', 'Baleno', '0 - 1 year old', '6 months to 1 year', 'Mall-Westend Mall----Kothari', '', '', '2019-03-03 09:08:28'),
(204, 9, 'nilesh', '8830891474', 'abc@gmail.com', '33', 'Male', 'Pune', '411047', 'undefined', '', '', '', '', 'Within 3 months', 'Mall-Westend Mall----Shaw', '', '', '2019-03-03 09:10:03'),
(205, 12, 'Rajesh kumar kedia', '9830416003', 'rajeshkedia007@gmail.com', '43', 'Male', 'Kolkata', '700067', 'Business', '', 'Honda', 'Amaze', '1 - 3 years old', 'No current plan', 'RWA - Natural View----Saina Toyota', '', '', '2019-03-03 09:23:55'),
(206, 12, 'manish kumar mahajan', '9331026339', 'bablumahajan.15@gmail.com', '36', 'Male', 'Kolkata', '700060', 'Business', '', '', '', '', '6 months to 1 year', 'RWA - Natural View----Saina Toyota', '', '', '2019-03-03 09:26:57'),
(207, 12, 'akash patwari', '9831038271', 'akashpatwali16@gmail.com', '27', 'Male', 'Kolkata', '700067', 'Business', '', 'Hyundai', 'i20 Active', '3 - 5 years old', '6 months to 1 year', 'RWA - Natural View----Saina Toyota', '', '', '2019-03-03 09:49:09'),
(208, 9, 'bwapani yewate', '9284882981', 'abc@gmail.com', '41', 'Male', 'Pune', '411042', 'Business', '', 'Hyundai', 'Elite i20', '0 - 1 year old', 'No current plan', 'Mall-Westend Mall----Kothari', '', '', '2019-03-03 10:37:32'),
(209, 9, 'Bahani Yadav', '8329995864', 'sahani121@gmail.com', '32', 'Female', 'Pune', '411042', 'Business', '', 'Maruti', 'Ciaz', '0 - 1 year old', '6 months to 1 year', 'Mall-Westend Mall----Shaw', '', '', '2019-03-03 10:40:28'),
(210, 9, 'vaishak', '7719068080', 'abc@gmail.com', '28', 'Male', 'Pune', '411047', 'Business', '', '', '', '', 'Within 3 months', 'Mall-Westend Mall----Shaw', '', '', '2019-03-03 10:41:09'),
(211, 9, 'sidharth mishra', '9049132168', 'sidhrathmishra193@gmail.com', '22', 'Male', 'Pune', '411047', 'Service', '', '', '', '', '3 - 6 months', 'Mall-Westend Mall----Shaw', '', '', '2019-03-03 10:42:57'),
(212, 9, 'pravin mishra', '7028963927', 'abc@gmail.com', '41', 'Male', 'Pune', '411042', 'Business', '', 'Renault', 'Duster', '0 - 1 year old', 'No current plan', 'Mall-Westend Mall----Kothari', '', '', '2019-03-03 10:42:59'),
(213, 9, 'bhussn osal', '9961467981', 'bhusan@gmail.com', '39', 'Male', 'Pune', '411047', 'Service', '', '', '', '', 'Within 3 months', 'Mall-Westend Mall----Shaw', '', '', '2019-03-03 10:44:16'),
(214, 9, 'mukeh Rijwal', '7085932118', 'mukesh134@gmail.com', '40', 'Male', 'Pune', '411042', 'Service', '', '', '', '', 'No current plan', 'Mall-Westend Mall----Shaw', '', '', '2019-03-03 10:45:16'),
(215, 9, 'akansha gowanale', '8177855212', 'abc@gmail.com', '31', 'Male', 'Pune', '411054', 'Service', '', '', '', '', '3 - 6 months', 'Mall-Westend Mall----Shaw', '', '', '2019-03-03 10:46:52'),
(216, 9, 'Adman Akhil', '9752639462', 'akhil7@gmail.com', '38', 'Male', 'Pune', '411042', 'Business', '', 'Hyundai', 'Xcent', '0 - 1 year old', '6 months to 1 year', 'Mall-Westend Mall----Shaw', '', '', '2019-03-03 10:48:44'),
(217, 9, 'aaditya bondle', '9284898744', 'abc@gmail.com', '27', 'Male', 'Pune', '412050', 'Business', '', '', '', '', '3 - 6 months', 'Mall-Westend Mall----Shaw', '', '', '2019-03-03 10:49:09'),
(218, 9, 'sushmita yadav', '9752367887', 'susmita11@gmail.com', '33', 'Female', 'Pune', '411042', 'Service', '', 'Maruti', 'Swift', '1 - 3 years old', '6 months to 1 year', 'Mall-Westend Mall----Sharayu', '', '', '2019-03-03 10:50:40'),
(219, 9, 'swapnil kumat', '9284882982', 'swapnilkumar@gmail.com', '27', 'Male', 'Pune', '455076', 'Service', '', 'Volvo', 'XC90', '0 - 1 year old', 'Within 3 months', 'Mall-Westend Mall----Shaw', '', '', '2019-03-03 10:51:06'),
(220, 9, 'Rupesh chahul', '7958932824', 'abc@gmail.com', '39', 'Male', 'Pune', '411042', 'Others', '', '', '', '', 'No current plan', 'Mall-Westend Mall----Shaw', '', '', '2019-03-03 10:51:56'),
(221, 9, 'nutesh sumar', '8806688066', 'nuteshkumar1996@gmail.com', '41', 'Male', 'Pune', '411067', 'Service', '', '', '', '', 'Within 3 months', 'Mall-Westend Mall----Sharayu', '', '', '2019-03-03 10:53:18'),
(222, 9, 'Rafeal Disouza', '7898332775', 'abc@gmail.com', '28', 'Male', 'Pune', '411042', 'Service', '', 'Skoda', 'Rapid', '1 - 3 years old', '3 - 6 months', 'Mall-Westend Mall----Shaw', '', '', '2019-03-03 10:54:26'),
(223, 9, 'sow verma', '7720031177', 'safhk@gmail.vom', '30', 'Male', 'Pune', '132345', 'Service', '', '', '', '', '3 - 6 months', 'Mall-Westend Mall----Sharayu', '', '', '2019-03-03 10:55:47'),
(224, 9, 'saktar yogesh', '8888394837', 'abc@gmail.com', '35', 'Male', 'Pune', '411042', 'Business', '', 'Maruti', 'Ciaz', '0 - 1 year old', '3 - 6 months', 'Mall-Westend Mall----Sharayu', '', '', '2019-03-03 10:58:33'),
(225, 9, 'Basthak Mishra', '9876543676', 'sath123@gmail.com', '38', 'Female', 'Pune', '411042', 'Business', '', 'Maruti', 'Ciaz', '0 - 1 year old', '3 - 6 months', 'Mall-Westend Mall----Sharayu', '', '', '2019-03-03 11:00:34'),
(226, 9, 'aakash tiwari', '7770498755', 'xyz@gmail.com', '28', 'Male', 'Pune', '411067', 'Others', '', '', '', '', '6 months to 1 year', 'Mall-Westend Mall----Shaw', '', '', '2019-03-03 11:01:02'),
(227, 9, 'Bunita kadaam', '8976557764', 'kadampia12@gmail.com', '31', 'Female', 'Pune', '411042', 'Service', '', 'Toyota', 'Etios Cross', '0 - 1 year old', '3 - 6 months', 'Mall-Westend Mall----Shaw', '', '', '2019-03-03 11:02:53'),
(228, 9, 'uniyank kumar', '9930466496', 'abc@gmsil.com', '27', 'Male', 'Pune', '447689', 'Service', '', '', '', '', '3 - 6 months', 'Mall-Westend Mall----Shaw', '', '', '2019-03-03 11:03:30'),
(229, 9, 'achal', '9822079516', 'abc@gmsil.com', '27', 'Male', 'Pune', '567898', 'Business', '', '', '', '', '3 - 6 months', 'Mall-Westend Mall----Shaw', '', '', '2019-03-03 11:04:20'),
(230, 9, 'Dhekhanemahesh', '8799956745', 'dekhanegmah@gmail.com', '28', 'Male', 'Pune', '411042', 'Business', '', 'Mahindra', 'TUV 300', '0 - 1 year old', 'No current plan', 'Mall-Westend Mall----Shaw', '', '', '2019-03-03 11:04:27'),
(231, 10, 'Mitesh purohit', '9331331260', 'miteshpurohit375@gmail.com', '32', 'Male', 'Kolkata', '700067', 'Service', '', 'Hyundai', 'Grand i10', '1 - 3 years old', '6 months to 1 year', 'RWA - Natural View----Saina Toyota', '', '', '2019-03-03 11:05:21'),
(232, 9, 'santos k', '9292455352', 'abc@gmsil.com', '28', 'Male', 'Pune', '768689', 'Others', '', '', '', '', 'Within 3 months', 'Mall-Westend Mall----Shaw', '', '', '2019-03-03 11:05:30'),
(233, 10, 'Vinit verma', '9903062233', 'vinitverma.26@gmail.com', '33', 'Male', 'Kolkata', '700067', 'Business', '', '', '', '', 'No current plan', 'RWA - Natural View----Saina Toyota', '', '', '2019-03-03 11:07:09');
INSERT INTO `feedback` (`feedback_id`, `crew_user_id`, `name`, `mobile`, `email_id`, `age`, `gender`, `city_id`, `pincode`, `occupation`, `own_car`, `car_brand`, `car_model`, `car_age`, `car_purchase_plan`, `nearest_dealership`, `drive_image`, `agree`, `dateTime`) VALUES
(234, 9, 'Pithese Bhalla', '7798156819', 'pithose77@gmail.com', '37', 'Male', 'Pune', '411042', 'Others', '', '', '', '', 'No current plan', 'Mall-Westend Mall----Sharayu', '', '', '2019-03-03 11:07:39'),
(235, 9, 'mrinac', '9823339920', 'abc@gmsil.com', '24', 'Male', 'Pune', '565778', 'Service', '', 'Toyota', 'Prius', '5 + years old', '3 - 6 months', 'Mall-Westend Mall----Shaw', '', '', '2019-03-03 11:08:17'),
(236, 9, 'seneha', '7620289019', 'abc@gmsil.com', '30', 'Male', 'Pune', '676767', 'Service', '', '', '', '', '6 months to 1 year', 'Mall-Westend Mall----Shaw', '', '', '2019-03-03 11:09:33'),
(237, 9, 'Sutar jayesh', '9876546856', 'satarjyesah11@gmail.com', '33', 'Male', 'Pune', '411042', 'Service', '', 'Maruti', 'Ciaz S', '0 - 1 year old', '3 - 6 months', 'Mall-Westend Mall----Sharayu', '', '', '2019-03-03 11:09:39'),
(238, 10, 'Koyel ghosh', '9239238123', 'koyel2@gmail.com', '29', 'Female', 'Kolkata', '700067', 'Others', '', 'Maruti', 'Baleno RS', '1 - 3 years old', '3 - 6 months', 'RWA - Natural View----Saina Toyota', '', '', '2019-03-03 11:10:06'),
(239, 10, 'Chaitali poddar', '8013949796', 'chaitalipoddar96@gmail.com', '45', 'Female', 'Kolkata', '700067', 'Others', '', '', '', '', 'No current plan', 'RWA - Natural View----Saina Toyota', '', '', '2019-03-03 11:11:41'),
(240, 9, 'suresh sawant', '9875436785', 'abc@gmail.com', '33', 'Male', 'Pune', '411042', 'Business', '', 'Toyota', 'Yaris', '0 - 1 year old', 'No current plan', 'Mall-Westend Mall----Shaw', '', '', '2019-03-03 11:11:57'),
(241, 9, 'uttam sing', '9370601893', 'abc@gmsil.com', '29', 'Male', 'Pune', '575768', 'Service', '', '', '', '', '3 - 6 months', 'Mall-Westend Mall----Shaw', '', '', '2019-03-03 11:12:12'),
(242, 9, 'suyog limbe', '9776547788', 'limbe243@gmail.com', '36', 'Male', 'Pune', '411042', 'Business', '', '', '', '', 'No current plan', 'Mall-Westend Mall----Shaw', '', '', '2019-03-03 11:13:05'),
(243, 9, 'pranav debh', '9960095961', 'abc@gmsil.com', '37', 'Male', 'Pune', '575779', 'Service', '', '', '', '', '3 - 6 months', 'Mall-Westend Mall----Shaw', '', '', '2019-03-03 11:13:07'),
(244, 9, 'jaganath chauhan', '9423746151', 'abc@gmsil.com', '30', 'Male', 'Pune', '687878', 'Service', '', '', '', '', '6 months to 1 year', 'Mall-Westend Mall----Shaw', '', '', '2019-03-03 11:14:09'),
(245, 10, 'Soham mitra', '9038256457', 'Sohammchupp@gmail.com', '29', 'Male', 'Kolkata', '700067', 'Service', '', '', '', '', 'No current plan', 'RWA - Natural View----Saina Toyota', '', '', '2019-03-03 11:14:23'),
(246, 9, 'vaibhavi jain', '9786656754', 'jainvaibhavi@gmail.com', '31', 'Female', 'Pune', '411042', 'Business', '', 'Maruti', 'Wagon R', '0 - 1 year old', '3 - 6 months', 'Mall-Westend Mall----Sharayu', '', '', '2019-03-03 11:14:37'),
(247, 10, 'Shubham das', '8981794959', 'shubhamdas14@gmail.com', '32', 'Male', 'Kolkata', '700067', 'Service', '', '', '', '', 'No current plan', 'RWA - Natural View----Saina Toyota', '', '', '2019-03-03 11:15:59'),
(248, 9, 'samer mark', '9891355885', 'abc@gmsil.com', '31', 'Male', 'Pune', '585858', 'Others', '', '', '', '', '6 months to 1 year', 'Mall-Westend Mall----Shaw', '', '', '2019-03-03 11:16:12'),
(249, 9, 'vaibhav chaura', '9999898877', 'abc@gmsil.com', '26', 'Male', 'Pune', '412787', 'Service', '', 'Maruti', 'Wagon R', '5 + years old', '3 - 6 months', 'Mall-Westend Mall----Kothari', '', '', '2019-03-03 11:18:30'),
(250, 10, 'Soumya das', '9163876879', 'Soumyadas29@gmail.com', '25', 'Male', 'Kolkata', '700067', 'Service', '', '', '', '', '6 months to 1 year', 'RWA - Natural View----Saina Toyota', '', '', '2019-03-03 11:18:53'),
(251, 9, 'dipak kushal', '8275290216', 'abc@gmsil.com', '31', 'Male', 'Pune', '676767', 'Service', '', '', '', '', '3 - 6 months', 'Mall-Westend Mall----Sharayu', '', '', '2019-03-03 11:19:43'),
(252, 10, 'Sid kumar', '9903964246', 'sidkumar202@gmail.com', '49', 'Male', 'Kolkata', '700067', 'Business', '', '', '', '', '6 months to 1 year', 'RWA - Natural View----Saina Toyota', '', '', '2019-03-03 11:20:54'),
(253, 9, 'egsqgdwfh', '6384668889', 'abc@gmsil.com', '30', 'Female', 'Pune', '576878', 'Service', '', '', '', '', 'Within 3 months', 'Mall-Westend Mall----Shaw', '', '', '2019-03-03 11:21:09'),
(254, 9, 'bivek raam', '8600045771', 'abc@gmsil.com', '30', 'Male', 'Pune', '412047', 'Service', '', '', '', '', '6 months to 1 year', 'Mall-Westend Mall----Sharayu', '', '', '2019-03-03 11:22:47'),
(255, 9, 'sarikant nath', '7358617290', 'sarikant515@gmail.com', '21', 'Male', 'Pune', '411042', 'Business', '', '', '', '', '6 months to 1 year', 'Mall-Westend Mall----Kothari', '', '', '2019-03-03 11:23:44'),
(256, 9, 'roshan kulkarmi', '8881186668', '888118666@g.com', '34', 'Male', 'Pune', '411047', 'Service', '', '', '', '', '3 - 6 months', 'Mall-Westend Mall----Sharayu', '', '', '2019-03-03 11:24:31'),
(257, 9, 'pooja', '8800657606', 'abc@gmail.com', '24', 'Male', 'Pune', '411042', 'Service', '', '', '', '', 'No current plan', 'Mall-Westend Mall----Shaw', '', '', '2019-03-03 11:25:05'),
(258, 10, 'Sourav saha', '8213194527', 'souravsaha24@gmail.com', '35', 'Male', 'Kolkata', '700067', 'Business', '', 'Hyundai', 'Verna', '1 - 3 years old', 'No current plan', 'RWA - Natural View----Saina Toyota', '', '', '2019-03-03 11:27:53'),
(259, 9, 'saurav karela', '9503152525', 'xyz@gmail.com', '32', 'Male', 'Pune', '411047', 'Service', '', '', '', '', '6 months to 1 year', 'Mall-Westend Mall----Sharayu', '', '', '2019-03-03 11:28:09'),
(260, 9, 'sameer Dange', '8237913630', 'abc@gmail.com', '30', 'Male', 'Pune', '411019', 'Business', '', '', '', '', 'No current plan', 'Mall-Westend Mall----Shaw', '', '', '2019-03-03 11:29:12'),
(261, 9, 'chandan pahil', '7853914310', 'xyz@gmsil.com', '26', 'Male', 'Pune', '411047', 'Service', '', '', '', '', '6 months to 1 year', 'Mall-Westend Mall----Sharayu', '', '', '2019-03-03 11:29:31'),
(262, 9, 'Priti', '8552989009', 'abc@gmail.com', '29', 'Female', 'Pune', '411019', 'Service', '', '', '', '', 'No current plan', 'Mall-Westend Mall----Sharayu', '', '', '2019-03-03 11:30:16'),
(263, 10, 'Narendra lakhotia', '9830175200', 'narendralakhotia2@yahoo.com', '44', 'Male', 'Kolkata', '700067', 'Service', '', '', '', '', '6 months to 1 year', 'RWA - Natural View----Saina Toyota', '', '', '2019-03-03 11:30:21'),
(264, 9, 'raiyat', '9823075992', 'xyz@gmsil.com', '41', 'Male', 'Pune', '411047', 'Service', '', '', '', '', '3 - 6 months', 'Mall-Westend Mall----Sharayu', '', '', '2019-03-03 11:30:40'),
(265, 9, 'sani', '7972495743', 'abc@gmail.com', '32', 'Male', 'Pune', '411019', 'Service', '', '', '', '', 'No current plan', 'Mall-Westend Mall----Shaw', '', '', '2019-03-03 11:31:38'),
(266, 10, 'Kartick dhar', '7278906292', 'kartick2234@gmail.com', '35', 'Male', 'Kolkata', '700067', 'Business', '', 'Hyundai', 'Xcent', '1 - 3 years old', '3 - 6 months', 'RWA - Natural View----Saina Toyota', '', '', '2019-03-03 11:32:09'),
(267, 9, 'vivek', '7387459111', 'amarjeetvivek@gmail.com', '31', 'Male', 'Pune', '411019', 'Service', '', '', '', '', 'No current plan', 'Mall-Westend Mall----Sharayu', '', '', '2019-03-03 11:33:43'),
(268, 9, 'Rohit', '7972471987', 'abc@gmail.com', '33', 'Male', 'Pune', '411019', 'Service', '', '', '', '', 'No current plan', 'Mall-Westend Mall----Sharayu', '', '', '2019-03-03 11:34:58'),
(269, 9, 'vijay kamle', '8888648898', 'xyz@gmsil.com', '30', 'Male', 'Pune', '575968', 'Business', '', '', '', '', '6 months to 1 year', 'Mall-Westend Mall----Sharayu', '', '', '2019-03-03 11:41:00'),
(270, 9, 'anup', '9922598808', 'xyz@gmsil.com', '28', 'Male', 'Kolkata', '574777', 'Service', '', '', '', '', '3 - 6 months', 'RWA - Rosedale----Topsel Toyota', '', '', '2019-03-03 11:41:55'),
(271, 9, 'Dnyaswar Rathod', '9420712182', 'dnyawrathod@gmail.com', '23', 'Male', 'Pune', '411019', 'Service', '', '', '', '', '6 months to 1 year', 'Mall-Westend Mall----Kothari', '', '', '2019-03-03 11:42:42'),
(272, 9, 'manish kumar', '8983983112', '', '27', 'Male', 'Pune', '585857', 'Service', '', '', '', '', '6 months to 1 year', 'Mall-Westend Mall----Sharayu', '', '', '2019-03-03 11:43:04'),
(273, 9, 'Radhe shyam kumar', '8788605614', 'abc@gmail.com', '46', 'Male', 'Pune', '411019', 'Service', '', '', '', '', '6 months to 1 year', 'Mall-Westend Mall----Kothari', '', '', '2019-03-03 11:44:06'),
(274, 9, 'vijay rathod', '9420760047', 'vijayrathod@gmail.com', '33', 'Male', 'Pune', '411047', 'Business', '', '', '', '', '3 - 6 months', 'Mall-Westend Mall----Kothari', '', '', '2019-03-03 11:45:34'),
(275, 9, 'Sachin k', '9842781040', 'sachinkeshav@gmail.com', '30', 'Male', 'Pune', '411019', 'Business', '', 'Renault', 'Captur', '0 - 1 year old', '6 months to 1 year', 'Mall-Westend Mall----Shaw', '', '', '2019-03-03 11:46:25'),
(276, 9, 'Moreswar Dani', '9049430666', 'mpdani21@gmail.com', '30', 'Male', 'Pune', '411019', 'Business', '', '', '', '', '6 months to 1 year', 'Mall-Westend Mall----Sharayu', '', '', '2019-03-03 11:48:47'),
(277, 9, 'Amey imhdar', '9822453430', 'abc@gmail.com', '31', 'Male', 'Pune', '411019', 'Service', '', '', '', '', '3 - 6 months', 'Mall-Westend Mall----Shaw', '', '', '2019-03-03 11:50:01'),
(278, 9, 'PRAN.S.SHARMA', '9822254194', 'sharmapran14@gmai.com', '40', 'Male', 'Pune', '411061', 'Business', '', 'Ford', 'EcoSport', '0 - 1 year old', '6 months to 1 year', 'Mall-Westend Mall----Sharayu', '', '', '2019-03-03 12:10:29'),
(279, 10, 'Susil kumar agarwal', '9830861505', 'Sushilkragarwal@gmail.com', '38', 'Male', 'Kolkata', '700067', 'Business', '', '', '', '', 'No current plan', 'RWA - Natural View----Saina Toyota', '', '', '2019-03-03 12:35:03'),
(280, 9, 'Sumesh Sawant', '8888834668', 'xyz@gmsil.com', '29', 'Male', 'Pune', '411027', 'Business', '', 'Audi', 'A3 carbiolet', '0 - 1 year old', '6 months to 1 year', 'Mall-Westend Mall----Sharayu', '', '', '2019-03-03 12:41:46'),
(281, 9, 'Nitesh saluja', '7067596227', 'niteshsaluj@gmai.com', '58', 'Male', 'Pune', '411067', 'Service', '', 'Toyota', 'Prius', '0 - 1 year old', '6 months to 1 year', 'Mall-Westend Mall----Sharayu', '', '', '2019-03-03 12:45:01'),
(282, 9, 'srikant shivaji raman', '7020873274', 'abc@gmail.com', '28', 'Male', 'Pune', '411067', 'Service', '', 'Mercedes-Benz', 'SLC', '3 - 5 years old', '6 months to 1 year', 'Mall-Westend Mall----Sharayu', '', '', '2019-03-03 12:47:43'),
(283, 9, 'swapnil (Balenwadi)', '9819069114', 'xyz@gmsil.com', '28', 'Male', 'Pune', '411027', 'Service', '', 'Maruti', 'Swift', '0 - 1 year old', '6 months to 1 year', 'Mall-Westend Mall----Sharayu', '', '', '2019-03-03 12:48:51'),
(284, 9, 'abhilas jaiswal', '9015760581', 'abc@gmail.com', '27', 'Male', 'Pune', '421027', 'Service', '', 'Honda', 'City', '0 - 1 year old', 'Within 3 months', 'Mall-Westend Mall----Kothari', '', '', '2019-03-03 12:49:02'),
(285, 9, 'mayur sonwani', '8275290502', 'abc@gmail.com', '28', 'Male', 'Pune', '411067', 'Service', '', 'Maruti', 'Baleno', '0 - 1 year old', '6 months to 1 year', 'Mall-Westend Mall----Shaw', '', '', '2019-03-03 12:50:24'),
(286, 9, 'alisa jaisi', '9007192703', 'abc@gmail.com', '28', 'Male', 'Pune', '411027', 'Service', '', 'Mahindra', 'KUV100 NXT', '1 - 3 years old', 'Within 3 months', 'Mall-Westend Mall----Shaw', '', '', '2019-03-03 12:51:48'),
(287, 9, 'Datta Bhori', '9822032568', 'xyz@gmsil.com', '39', 'Male', 'Pune', '411027', 'Service', '', '', '', '', '3 - 6 months', 'Mall-Westend Mall----Sharayu', '', '', '2019-03-03 12:53:50'),
(288, 9, 'amul kamble', '9834858221', 'abc@gmail.com', '32', 'Male', 'Pune', '411055', 'Service', '', 'Skoda', 'Octavia', '0 - 1 year old', '6 months to 1 year', 'Mall-Westend Mall----Sharayu', '', '', '2019-03-03 13:21:10'),
(289, 9, 'hemannt kulkarmi', '9822861316', 'abc@gmail.com', '40', 'Male', 'Pune', '411018', 'Others', '', 'Hyundai', 'Elite i20', '0 - 1 year old', 'Within 3 months', 'Mall-Westend Mall----Kothari', '', '', '2019-03-03 13:22:55'),
(290, 9, 'sonali', '8999568022', 'xyz@gmsil.com', '28', 'Female', 'Pune', '411067', 'Service', '', 'Fiat', 'Punto EVO', '0 - 1 year old', '6 months to 1 year', 'Mall-Westend Mall----Sharayu', '', '', '2019-03-03 13:23:22'),
(291, 9, 'mansi', '9561292990', 'mansighantel@gmail.com', '21', 'Female', 'Pune', '411067', 'Service', '', '', '', '', 'No current plan', 'Mall-Westend Mall----Sharayu', '', '', '2019-03-03 13:25:30'),
(292, 9, 'nikita', '7066226759', 'abc@gmail.com', '35', 'Female', 'Pune', '411047', 'Service', '', '', '', '', 'Within 3 months', 'Mall-Westend Mall----Kothari', '', '', '2019-03-03 13:27:55'),
(293, 9, 'neha ji', '9763678473', 'abc@gmail.com', '26', 'Female', 'Pune', '411067', 'Service', '', 'Tata', 'Safari Storme', '5 + years old', '3 - 6 months', 'Mall-Westend Mall----Sharayu', '', '', '2019-03-03 13:29:22'),
(294, 9, 'sreya tank', '9960177804', 'sreyatank340@gmail.com', '22', 'Female', 'Pune', '411047', 'Service', '', 'BMW', 'Z4', '1 - 3 years old', 'Within 3 months', 'Mall-Westend Mall----Shaw', '', '', '2019-03-03 13:31:27'),
(295, 9, 'Dr. Pampa Caushuri', '9759042220', 'kakeralo@gmil.com', '25', 'Female', 'Pune', '411019', 'Service', '', 'Toyota', 'Etios Cross', '0 - 1 year old', '6 months to 1 year', 'Mall-Westend Mall----Sharayu', '', '', '2019-03-03 13:34:59'),
(296, 9, 'hirisikesh kumpta', '9766687661', 'abc@gmail.com', '22', 'Male', 'Pune', '157689', 'Service', '', '', '', '', '6 months to 1 year', 'Mall-Westend Mall----Sharayu', '', '', '2019-03-03 13:38:51'),
(297, 9, 'Ambavi', '9823841227', 'ams.2007@outlook.com', '32', 'Male', 'Pune', '411057', 'Service', '', 'Hyundai', 'Xcent', '3 - 5 years old', '3 - 6 months', 'Mall-Westend Mall----Sharayu', '', '', '2019-03-03 13:41:29'),
(298, 9, 'vijay kumar', '9850875419', 'abc@gmail.com', '32', 'Male', 'Pune', '411799', 'Service', '', 'Mahindra', 'Others', '3 - 5 years old', '3 - 6 months', 'Mall-Westend Mall----Sharayu', '', '', '2019-03-03 13:43:35'),
(299, 9, 'deep', '9819699689', 'abc@gmail.com', '25', 'Male', 'Pune', '411067', 'Service', '', '', '', '', '3 - 6 months', 'Mall-Westend Mall----Shaw', 'olZAFX72hE.jpg', '', '2019-03-03 13:44:38'),
(300, 9, 'bedtra policy', '8080205009', 'abc@gmail.com', '30', 'Male', 'Pune', '412067', 'Service', '', '', '', '', 'Within 3 months', 'Mall-Westend Mall----Sharayu', '', '', '2019-03-03 13:59:53'),
(301, 9, 'mr. yogesh Rashav', '7588694950', 'yogesh26685@gmail.com', '33', 'Male', 'Pune', '411002', 'Others', '', 'Maruti', 'Swift', '1 - 3 years old', '6 months to 1 year', 'Mall-Westend Mall----Shaw', '', '', '2019-03-03 14:00:26'),
(302, 9, 'bhusan samarth', '7720031935', 'abc@gmail.com', '25', 'Male', 'Pune', '574768', 'Business', '', '', '', '', 'Within 3 months', 'Mall-Westend Mall----Shaw', '', '', '2019-03-03 14:00:48'),
(303, 9, 'aashish sinha', '8847335993', 'abc@gmail.com', '22', 'Male', 'Pune', '465757', 'Business', '', '', '', '', 'Within 3 months', 'Mall-Westend Mall----Shaw', '', '', '2019-03-03 14:05:05'),
(304, 9, 'Dr. Mahesh Sawant', '9923675754', 'xyz@gmsil.com', '28', 'Male', 'Pune', '411069', 'Service', '', 'Mitsubishi', 'Pajero Sport', '0 - 1 year old', 'No current plan', 'Mall-Westend Mall----Kothari', '', '', '2019-03-03 14:07:01'),
(305, 9, 'Ashish Ajmera', '9890912157', 'ajmajmera@gmail.com', '39', 'Male', 'Pune', '411057', 'Service', '', 'Hyundai', 'Santro', '0 - 1 year old', '6 months to 1 year', 'Mall-Westend Mall----Kothari', '', '', '2019-03-03 14:10:56'),
(306, 9, 'preet joshi', '9823132716', 'abc@gmail.com', '23', 'Male', 'Pune', '778967', 'Service', '', '', '', '', '3 - 6 months', 'Mall-Westend Mall----Shaw', '', '', '2019-03-03 14:13:45'),
(307, 9, 'shahil Hameed', '7719088027', 'shameed86@gmail.com', '31', 'Male', 'Pune', '411033', 'Service', '', '', '', '', 'No current plan', 'Mall-Westend Mall----Sharayu', '', '', '2019-03-03 14:14:40'),
(308, 9, 'Baban Ashruba Supekar', '8888529819', 'babanpune7@gmail.com', '23', 'Male', 'Pune', '411011', 'Others', '', '', '', '', 'Within 3 months', 'Mall-Westend Mall----Shaw', '', '', '2019-03-03 14:34:46'),
(309, 9, 'Harashal Narkhede', '9923622029', 'abc@gmail.com', '27', 'Male', 'Pune', '411011', 'Business', '', '', '', '', '3 - 6 months', 'Mall-Westend Mall----Kothari', '', '', '2019-03-03 14:38:12'),
(310, 9, 'Hemant Phole', '9850842494', 'hemant998088@yahoo.com', '30', 'Male', 'Pune', '411011', 'Service', '', '', '', '', '3 - 6 months', 'Mall-Westend Mall----Kothari', '', '', '2019-03-03 14:39:44'),
(311, 9, 'Fateh Shaikh', '8308791775', 'abc@gmail.com', '28', 'Male', 'Pune', '411011', 'Business', '', '', '', '', '3 - 6 months', 'Mall-Westend Mall----Kothari', '', '', '2019-03-03 14:41:50'),
(312, 9, 'Shahrukh Shaikh', '7888194308', 'abc@gmail.com', '31', 'Male', 'Pune', '411021', 'Business', '', '', '', '', '3 - 6 months', 'Mall-Westend Mall----Kothari', '', '', '2019-03-03 14:44:54'),
(313, 13, 'Ramdev', '9805008342', 'abc@gmail.com', '41', 'Male', 'Jaipur', '302034', 'Service', '', 'Maruti', 'Dzire', '3 - 5 years old', '3 - 6 months', 'RWA-Mangalam Ananda----Rajesh Toyota', '', '', '2019-03-03 16:06:18'),
(314, 13, 'Abhishek Choudhary', '9929049299', 'abc@gmail.com', '21', 'Male', 'Jaipur', '302021', 'Others', '', 'Hyundai', 'Select', '3 - 5 years old', '3 - 6 months', 'RWA-Mangalam Ananda----Rajesh Toyota', '', '', '2019-03-03 16:09:16'),
(315, 13, 'V S Sharma', '9927008103', 'abc@gmail.com', '55', 'Male', 'Jaipur', '302021', 'Service', '', 'Hyundai', 'Xcent', '5 + years old', 'Within 3 months', 'RWA-Mangalam Ananda----Rajesh Toyota', '', '', '2019-03-03 16:19:52'),
(316, 13, 'Sushil Kumar', '7506575635', 'abc@gmail.com', '59', 'Male', 'Jaipur', '302021', 'Service', '', '', '', '', 'No current plan', 'RWA-Mangalam Ananda----Om Toyota', '', '', '2019-03-03 16:22:15'),
(317, 13, 'binodnath', '8980810189', 'abc@gmail.com', '46', 'Male', 'Jaipur', '302034', 'Service', '', 'Hyundai', 'Grand i10', '5 + years old', 'Within 3 months', 'RWA-Mangalam Ananda----Om Toyota', '', '', '2019-03-03 16:24:27'),
(318, 13, 'Kishore', '9588906313', 'abc@gmail.com', '39', 'Male', 'Jaipur', '302021', 'Business', '', '', '', '', '3 - 6 months', 'RWA-Mangalam Ananda----Om Toyota', '', '', '2019-03-03 16:26:08'),
(319, 13, 'Rahul', '9866064125', 'abc@gmail.com', '32', 'Male', 'Jaipur', '302021', 'Business', '', 'Toyota', 'Etios Cross', '5 + years old', '6 months to 1 year', 'RWA-Mangalam Ananda----Om Toyota', '', '', '2019-03-03 16:39:14'),
(320, 13, 'Rajesh Sharma', '9314508189', 'abc@gmail.com', '45', 'Male', 'Jaipur', '302021', 'Business', '', 'Toyota', 'Etios Cross', '5 + years old', '6 months to 1 year', 'Jaipur----Rajesh Toyota', '', '', '2019-03-03 16:42:52'),
(321, 13, 'Chandrashekhar Ji', '9887000899', 'pnt.technosoft@gmail.com', '42', 'Male', 'Jaipur', '302034', 'Service', '', 'Maruti', 'Wagon R', '3 - 5 years old', '3 - 6 months', 'Jaipur----Rajesh Toyota', '', '', '2019-03-03 16:45:51'),
(322, 13, 'R K Kaul', '9971047855', 'abc@gmail.com', '70', 'Male', 'Jaipur', '302021', 'Business', '', 'Maruti', 'Others', '5 + years old', '3 - 6 months', 'Jaipur----Om Toyota', '', '', '2019-03-03 16:48:39'),
(323, 13, 'Jeti', '8094065859', 'abc@gmail.com', '20', 'Male', 'Jaipur', '302021', 'Others', '', '', '', '', 'No current plan', 'Jaipur----Om Toyota', '', '', '2019-03-03 16:50:13'),
(324, 13, 'Hemant', '9821845361', 'abc@gmail.com', '46', 'Male', 'Jaipur', '302021', 'Business', '', 'Skoda', 'Kodiaq', '1 - 3 years old', '6 months to 1 year', 'Jaipur----Rajesh Toyota', '', '', '2019-03-03 16:53:08'),
(325, 13, 'Rahul Singh', '8209214639', 'rahulsingh2122b@gmail.com', '20', 'Male', 'Jaipur', '302021', 'Others', '', 'Toyota', 'Innova Crysta', '3 - 5 years old', 'Within 3 months', 'Jaipur----Om Toyota', '', '', '2019-03-03 16:55:28'),
(326, 13, 'Vikas', '9310368821', 'abc@gmail.com', '39', 'Male', 'Jaipur', '302021', 'Service', '', 'Honda', 'Amaze', '3 - 5 years old', '3 - 6 months', 'Jaipur----Rajesh Toyota', '', '', '2019-03-03 16:58:17'),
(327, 13, 'Suneet Saraswat', '9716199996', 'suneetsaraswat115@gmail.com', '46', 'Male', 'Jaipur', '302021', 'Business', '', 'Honda', 'City', '3 - 5 years old', 'Within 3 months', 'Jaipur----Rajesh Toyota', '', '', '2019-03-03 17:01:48'),
(328, 13, 'Rajesh Sharma', '9166208898', 'abc@gmail.com', '47', 'Male', 'Jaipur', '302021', 'Service', '', 'Maruti', 'Celerio', '5 + years old', '3 - 6 months', 'Jaipur----Om Toyota', '', '', '2019-03-03 17:04:29'),
(329, 13, 'Sumer', '9610008765', 'abc@gmail.com', '27', 'Male', 'Jaipur', '302012', 'Service', '', '', '', '', 'No current plan', 'Jaipur----Om Toyota', '', '', '2019-03-03 17:06:02'),
(330, 13, 'Ravindra Singh', '9414000061', 'abc@gmail.com', '42', 'Male', 'Jaipur', '302034', 'Service', '', 'Toyota', 'Etios Liva', '3 - 5 years old', 'No current plan', 'Jaipur----Om Toyota', '', '', '2019-03-03 17:08:45'),
(331, 13, 'Anshul Agarwal', '8233553999', 'abc@gmail.com', '26', 'Male', 'Jaipur', '302021', 'Business', '', 'Renault', 'KWID', '3 - 5 years old', 'Within 3 months', 'Jaipur----Rajesh Toyota', '', '', '2019-03-03 17:10:50'),
(332, 13, 'Dr Pankaj', '8826722533', 'drpankajdhamija@gmail.com', '41', 'Male', 'Jaipur', '302029', 'Service', '', 'Hyundai', 'i20 Active', '3 - 5 years old', '3 - 6 months', 'Jaipur----Rajesh Toyota', '', '', '2019-03-03 17:13:51'),
(333, 13, 'Aditya Kumar', '8306298088', 'abc@gmail.com', '35', 'Male', 'Jaipur', '302021', 'Service', '', 'Maruti', 'Others', '5 + years old', '3 - 6 months', 'Jaipur----Rajesh Toyota', '', '', '2019-03-03 17:21:13'),
(334, 13, 'Shashank Agarwal', '6378110113', 'abc@gmail.com', '29', 'Male', 'Jaipur', '302024', 'Business', '', 'Hyundai', 'Creta', '3 - 5 years old', '6 months to 1 year', 'Jaipur----Om Toyota', '', '', '2019-03-03 17:26:00'),
(335, 13, 'RAvi Sharma', '9968160178', 'ravindrlal@gmail.com', '70', 'Male', 'Jaipur', '302034', 'Service', '', 'Hyundai', 'Grand i10', '1 - 3 years old', 'No current plan', 'Jaipur----Om Toyota', '', '', '2019-03-03 17:28:30'),
(336, 13, 'Amit Sapre', '9928330229', 'abc@gmail.com', '43', 'Male', 'Jaipur', '302021', 'Business', '', '', '', '', 'Within 3 months', 'Jaipur----Rajesh Toyota', '', '', '2019-03-03 17:29:55'),
(337, 13, 'Subhash G', '8829017150', 'abc@gmail.com', '52', 'Male', 'Jaipur', '302021', 'Business', '', 'Toyota', 'Etios Liva', '5 + years old', 'Within 3 months', 'Jaipur----Om Toyota', '', '', '2019-03-03 17:31:36'),
(338, 13, 'Aditya Pareek', '7891004814', 'abc@gmail.com', '22', 'Male', 'Jaipur', '302021', 'Business', '', 'Maruti', 'Alto 800', '5 + years old', '3 - 6 months', 'Jaipur----Om Toyota', '', '', '2019-03-03 17:33:53'),
(339, 13, 'Ashish Salkar', '9823387458', 'abc@gmail.com', '45', 'Male', 'Jaipur', '302021', 'Service', '', 'Honda', 'Others', '3 - 5 years old', '3 - 6 months', 'Jaipur----Rajesh Toyota', '', '', '2019-03-03 17:35:39'),
(340, 13, 'Alok Das', '9989543282', 'alok.das79@gmail.com', '39', 'Male', 'Jaipur', '302021', 'Service', '', 'Hyundai', 'i20 Active', '5 + years old', 'Within 3 months', 'Jaipur----Rajesh Toyota', '', '', '2019-03-03 17:37:26'),
(341, 13, 'Madhusudan', '9875124488', 'msgana@gmail.com', '52', 'Male', 'Jaipur', '302021', 'Service', '', 'Maruti', 'Vitara Brezza', '3 - 5 years old', 'No current plan', 'Jaipur----Om Toyota', '', '', '2019-03-03 17:39:41'),
(342, 13, 'Sahil', '9682972280', 'abc@gmail.com', '31', 'Male', 'Jaipur', '302021', 'Service', '', 'Honda', 'Amaze', '3 - 5 years old', '6 months to 1 year', 'Jaipur----Om Toyota', '', '', '2019-03-03 17:41:09'),
(343, 13, 'Vikas Yadav', '9828255886', 'abc@gmail.com', '38', 'Male', 'Jaipur', '302021', 'Business', '', 'Renault', 'Others', '5 + years old', 'Within 3 months', 'Jaipur----Om Toyota', '', '', '2019-03-03 17:43:06'),
(344, 13, 'Bheesham Devnani', '9414075314', 'abc@gmail.com', '40', 'Male', 'Jaipur', '302021', 'Business', '', 'Mahindra', 'XUV500', '3 - 5 years old', 'Within 3 months', 'Jaipur----Om Toyota', '', '', '2019-03-03 17:44:46'),
(345, 13, 'Anup Sharma', '9927666999', 'abc@gmail.com', '44', 'Male', 'Jaipur', '302021', 'Business', '', 'Ford', 'Others', '3 - 5 years old', '3 - 6 months', 'Jaipur----Rajesh Toyota', '', '', '2019-03-03 17:46:29'),
(346, 13, 'Jatin Anisa', '9269256666', 'abc@gmail.com', '32', 'Male', 'Jaipur', '302021', 'Service', '', 'Hyundai', 'i20 Active', '3 - 5 years old', 'Within 3 months', 'Jaipur----Om Toyota', '', '', '2019-03-03 17:47:57'),
(347, 13, 'rahul p', '9886064125', 'abc@gmail.com', '32', 'Male', 'Jaipur', '302021', 'Business', '', 'Toyota', 'Etios Liva', '5 + years old', '3 - 6 months', 'Jaipur----Om Toyota', '', '', '2019-03-03 17:59:53'),
(348, 13, 'Test', '9769699112', 'demo@gmail.com', '23', 'Male', 'Pune', '487875', 'Business', '', 'Fiat', 'Avventura', '3 - 5 years old', '3 - 6 months', 'Mall-Westend Mall----Kothari', 'KCqaY7mz36.jpg', '', '2019-03-05 09:08:27'),
(349, 10, 'Demo', '9876543211', 'demo@gmail.com', '35', 'Male', 'Pune', '123456', 'Business', '', 'Mercedes-Benz', 'B- Class', '1 - 3 years old', '3 - 6 months', 'Mall-Westend Mall----Sharayu', '', '', '2019-03-06 07:19:09'),
(350, 10, 'Test', '9876543212', 'demo@gmail.com', '36', 'Male', 'Kolkata', '123456', 'Business', '', 'MINI', 'Cooper 5 DOOR', '1 - 3 years old', '3 - 6 months', 'RWA - Natural View----Saina Toyota', '', '', '2019-03-06 07:20:03');

-- --------------------------------------------------------

--
-- Table structure for table `location_m`
--

CREATE TABLE `location_m` (
  `location_id` int(11) NOT NULL,
  `location_name` varchar(256) NOT NULL,
  `status` enum('Active','Inactive') NOT NULL,
  `dateTime` timestamp NOT NULL DEFAULT CURRENT_TIMESTAMP ON UPDATE CURRENT_TIMESTAMP
) ENGINE=InnoDB DEFAULT CHARSET=latin1;

--
-- Dumping data for table `location_m`
--

INSERT INTO `location_m` (`location_id`, `location_name`, `status`, `dateTime`) VALUES
(1, 'RWA-Rangoli Plaza', 'Active', '2019-03-01 12:53:59'),
(2, 'RWA-Mangalam Ananda', 'Active', '2019-03-01 12:54:10'),
(3, 'RWA-Rosedale', 'Active', '2019-03-01 13:11:47'),
(4, 'RWA-Natural View', 'Active', '2019-03-01 13:11:50'),
(5, 'Mall-Westend Mall', 'Active', '2019-03-01 13:11:53');

-- --------------------------------------------------------

--
-- Table structure for table `occupation_m`
--

CREATE TABLE `occupation_m` (
  `oc_id` int(11) NOT NULL,
  `oc_name` varchar(256) NOT NULL,
  `dateTime` timestamp NOT NULL DEFAULT CURRENT_TIMESTAMP ON UPDATE CURRENT_TIMESTAMP
) ENGINE=InnoDB DEFAULT CHARSET=latin1;

--
-- Dumping data for table `occupation_m`
--

INSERT INTO `occupation_m` (`oc_id`, `oc_name`, `dateTime`) VALUES
(1, 'Business', '2019-02-27 05:40:41'),
(2, 'Service', '2019-02-27 05:40:41'),
(3, 'Others', '2019-02-27 05:40:53');

-- --------------------------------------------------------

--
-- Table structure for table `year_m`
--

CREATE TABLE `year_m` (
  `year_id` int(11) NOT NULL,
  `name` varchar(256) NOT NULL,
  `dateTime` timestamp NOT NULL DEFAULT CURRENT_TIMESTAMP
) ENGINE=InnoDB DEFAULT CHARSET=latin1;

--
-- Dumping data for table `year_m`
--

INSERT INTO `year_m` (`year_id`, `name`, `dateTime`) VALUES
(1, '0 - 1 year old', '2019-02-27 05:41:17'),
(2, '1 - 3 years old', '2019-02-27 05:41:25'),
(3, '3 - 5 years old', '2019-02-27 05:41:32'),
(4, '5 + years old', '2019-02-27 05:41:40');

--
-- Indexes for dumped tables
--

--
-- Indexes for table `admin`
--
ALTER TABLE `admin`
  ADD PRIMARY KEY (`admin_id`);

--
-- Indexes for table `age_m`
--
ALTER TABLE `age_m`
  ADD PRIMARY KEY (`age_id`);

--
-- Indexes for table `brands_m`
--
ALTER TABLE `brands_m`
  ADD PRIMARY KEY (`brand_id`);

--
-- Indexes for table `brandtocar`
--
ALTER TABLE `brandtocar`
  ADD PRIMARY KEY (`car_id`);

--
-- Indexes for table `city_m`
--
ALTER TABLE `city_m`
  ADD PRIMARY KEY (`city_id`);

--
-- Indexes for table `crew_users`
--
ALTER TABLE `crew_users`
  ADD PRIMARY KEY (`crew_users_id`);

--
-- Indexes for table `dealer_m`
--
ALTER TABLE `dealer_m`
  ADD PRIMARY KEY (`dealer_id`);

--
-- Indexes for table `feedback`
--
ALTER TABLE `feedback`
  ADD PRIMARY KEY (`feedback_id`);

--
-- Indexes for table `location_m`
--
ALTER TABLE `location_m`
  ADD PRIMARY KEY (`location_id`);

--
-- Indexes for table `occupation_m`
--
ALTER TABLE `occupation_m`
  ADD PRIMARY KEY (`oc_id`);

--
-- Indexes for table `year_m`
--
ALTER TABLE `year_m`
  ADD PRIMARY KEY (`year_id`);

--
-- AUTO_INCREMENT for dumped tables
--

--
-- AUTO_INCREMENT for table `admin`
--
ALTER TABLE `admin`
  MODIFY `admin_id` int(11) NOT NULL AUTO_INCREMENT, AUTO_INCREMENT=2;

--
-- AUTO_INCREMENT for table `age_m`
--
ALTER TABLE `age_m`
  MODIFY `age_id` int(11) NOT NULL AUTO_INCREMENT, AUTO_INCREMENT=3;

--
-- AUTO_INCREMENT for table `brands_m`
--
ALTER TABLE `brands_m`
  MODIFY `brand_id` int(11) NOT NULL AUTO_INCREMENT, AUTO_INCREMENT=28;

--
-- AUTO_INCREMENT for table `brandtocar`
--
ALTER TABLE `brandtocar`
  MODIFY `car_id` int(11) NOT NULL AUTO_INCREMENT, AUTO_INCREMENT=217;

--
-- AUTO_INCREMENT for table `city_m`
--
ALTER TABLE `city_m`
  MODIFY `city_id` int(11) NOT NULL AUTO_INCREMENT, AUTO_INCREMENT=5;

--
-- AUTO_INCREMENT for table `crew_users`
--
ALTER TABLE `crew_users`
  MODIFY `crew_users_id` int(11) NOT NULL AUTO_INCREMENT, AUTO_INCREMENT=15;

--
-- AUTO_INCREMENT for table `dealer_m`
--
ALTER TABLE `dealer_m`
  MODIFY `dealer_id` int(11) NOT NULL AUTO_INCREMENT, AUTO_INCREMENT=10;

--
-- AUTO_INCREMENT for table `feedback`
--
ALTER TABLE `feedback`
  MODIFY `feedback_id` int(11) NOT NULL AUTO_INCREMENT, AUTO_INCREMENT=351;

--
-- AUTO_INCREMENT for table `location_m`
--
ALTER TABLE `location_m`
  MODIFY `location_id` int(11) NOT NULL AUTO_INCREMENT, AUTO_INCREMENT=6;

--
-- AUTO_INCREMENT for table `occupation_m`
--
ALTER TABLE `occupation_m`
  MODIFY `oc_id` int(11) NOT NULL AUTO_INCREMENT, AUTO_INCREMENT=4;

--
-- AUTO_INCREMENT for table `year_m`
--
ALTER TABLE `year_m`
  MODIFY `year_id` int(11) NOT NULL AUTO_INCREMENT, AUTO_INCREMENT=5;
COMMIT;

/*!40101 SET CHARACTER_SET_CLIENT=@OLD_CHARACTER_SET_CLIENT */;
/*!40101 SET CHARACTER_SET_RESULTS=@OLD_CHARACTER_SET_RESULTS */;
/*!40101 SET COLLATION_CONNECTION=@OLD_COLLATION_CONNECTION */;
